<?xml version="1.0" standalone="yes"?>  <DATAPACKET Version="2.0"><METADATA><FIELDS><FIELD attrname="File" fieldtype="string" WIDTH="200"/><FIELD attrname="Marks" fieldtype="bin.hex" SUBTYPE="Text"/><FIELD attrname="TopLine" fieldtype="i4"/><FIELD attrname="X" fieldtype="i4"/><FIELD attrname="Y" fieldtype="i4"/></FIELDS><PARAMS/></METADATA><ROWDATA><ROW File="C:&#092;Users&#092;jcfaria&#092;Documents&#092;Git_Bitbucket&#092;Tinn-R&#092;Tinn-R&#092;Tinn-R&#092;source&#092;Tinn-R&#092;ufrmMain.pas" Marks="1:13882" TopLine="13859" X="64" Y="13879"/><ROW File="C:&#092;Users&#092;jcfaria&#092;Documents&#092;Git_Bitbucket&#092;Tinn-R&#092;Tinn-R&#092;Tinn-R&#092;sample&#092;Tinn-R_example of script.R" Marks="0:10 1:15" TopLine="44" X="1" Y="49"/><ROW File="C:&#092;Users&#092;jcfaria&#092;Documents&#092;Git_Bitbucket&#092;Tinn-R&#092;Tinn-R&#092;Tinn-R&#092;distribution&#092;Tinn-R&#092;bin&#092;Readme.tex" TopLine="31" X="40" Y="67"/><ROW File="C:&#092;Users&#092;jcfaria&#092;Documents&#092;Git_Bitbucket&#092;Tinn-R&#092;Tinn-R_doc&#092;sub&#092;WhatIsNew_2018.tex" TopLine="1" X="129" Y="6"/><ROW File="C:&#092;Users&#092;jcfaria&#092;Documents&#092;Git_Bitbucket&#092;Tinn-R&#092;Tinn-R_doc&#092;User_guide.tex" TopLine="2" X="59" Y="13"/><ROW File="C:&#092;Tinn-R&#092;sample&#092;Tinn-R_example of script.R" TopLine="1" X="1" Y="22"/><ROW File="C:&#092;Users&#092;jcfaria&#092;AppData&#092;Roaming&#092;Tinn-R&#092;project&#092;Tinn-R_recognized words.R" TopLine="2197" X="12" Y="2203"/><ROW File="C:&#092;Users&#092;jcfaria&#092;Dropbox&#092;cursos&#092;R&#092;introducao_basico.R" Marks="1:626" TopLine="619" X="38" Y="626"/><ROW File="C:&#092;Users&#092;jcfaria&#092;Dropbox&#092;cursos&#092;R&#092;anova_dic_bal.R" TopLine="1" X="1" Y="1"/><ROW File="C:&#092;Users&#092;jcfaria&#092;Dropbox&#092;cursos&#092;R&#092;anova_fundamentos.R" TopLine="1" X="1" Y="1"/><ROW File="C:&#092;Users&#092;jcfaria&#092;Dropbox&#092;r&#092;IR_LEC&#092;ir_10_Listas.R" TopLine="1" X="1" Y="1"/><ROW File="C:&#092;Users&#092;jcfaria&#092;Dropbox&#092;cursos&#092;R&#092;rca_f_origem.R" TopLine="1" X="1" Y="1"/><ROW File="C:&#092;Users&#092;jcfaria&#092;Dropbox&#092;cursos&#092;R&#092;rca_tcl.R" TopLine="1" X="1" Y="1"/><ROW File="C:&#092;Users&#092;jcfaria&#092;Dropbox&#092;cursos&#092;UESC_CET076.tps" TopLine="34" X="38" Y="69"/><ROW File="C:&#092;Users&#092;jcfaria&#092;Dropbox&#092;cursos&#092;cet083&#092;apresentacao_cp&#092;conteudo_programatico.txt" TopLine="19" X="14" Y="1"/><ROW File="C:&#092;Users&#092;jcfaria&#092;Dropbox&#092;cursos&#092;cet076&#092;apresentacao_cp&#092;conteudo_programatico.txt" TopLine="1" X="1" Y="35"/><ROW File="C:&#092;Users&#092;jcfaria&#092;Documents&#092;Git_Bitbucket&#092;Tinn-R&#092;Tinn-R&#092;Tinn-R&#092;distribution&#092;Tinn-R&#092;bin&#092;Readme.html" TopLine="19" X="1" Y="56"/><ROW File="C:&#092;Users&#092;jcfaria&#092;Documents&#092;Git_Bitbucket&#092;Tinn-R&#092;Tinn-R&#092;Tinn-R&#092;distribution&#092;Tinn-R&#092;bin&#092;Readme.html5" TopLine="1" X="1" Y="1"/><ROW File="C:&#092;Users&#092;jcfaria&#092;Documents&#092;Git_Bitbucket&#092;Tinn-R&#092;Tinn-R&#092;Tinn-R&#092;distribution&#092;Tinn-R&#092;bin&#092;Readme.markdown" TopLine="58" X="1" Y="93"/><ROW File="C:&#092;Users&#092;jcfaria&#092;Documents&#092;Git_Bitbucket&#092;Tinn-R&#092;Tinn-R&#092;Tinn-R&#092;distribution&#092;Tinn-R&#092;bin&#092;new_version.txt" TopLine="1" X="48" Y="1"/><ROW File="C:&#092;Users&#092;jcfaria&#092;Desktop&#092;ivan&#092;script_faria.r" Marks="2:17 3:66 4:78 0:4 1:10" TopLine="1" X="34" Y="90"/><ROW File="C:&#092;Users&#092;jcfaria&#092;Desktop&#092;ivan&#092;ger.design.R" TopLine="10" X="54" Y="34"/><ROW File="C:&#092;Users&#092;jcfaria&#092;Documents&#092;Git_Bitbucket&#092;Tinn-R&#092;Tinn-R&#092;Tinn-R&#092;project_clean.bat" TopLine="1" X="8" Y="23"/><ROW File="C:&#092;Users&#092;jcfaria&#092;Documents&#092;Git_Bitbucket&#092;Tinn-R&#092;Tinn-R&#092;Tinn-R&#092;Tinn-R.tps" TopLine="64" X="21" Y="70"/><ROW File="C:&#092;Users&#092;jcfaria&#092;Documents&#092;Git_Bitbucket&#092;Tinn-R&#092;README.md" TopLine="1" X="1" Y="1"/><ROW File="C:&#092;Users&#092;jcfaria&#092;Dropbox&#092;prog_PHP&#092;new_1.html" TopLine="1" X="10" Y="6"/><ROW File="C:&#092;Users&#092;jcfaria&#092;Dropbox&#092;prog_PHP&#092;new_1.php" TopLine="1" X="1" Y="1"/><ROW File="C:&#092;Users&#092;jcfaria&#092;Dropbox&#092;prog_PHP&#092;HTML&#092;arq_01.html" TopLine="1" X="34" Y="25"/><ROW File="C:&#092;Users&#092;jcfaria&#092;Dropbox&#092;cursos&#092;R&#092;leitura_gravacao_dados.R" Marks="1:12" TopLine="13" X="1" Y="29"/><ROW File="C:&#092;Users&#092;jcfaria&#092;Dropbox&#092;cursos&#092;R&#092;tmp&#092;res&#092;Untitled2.Rhtml" TopLine="26" X="14" Y="31"/><ROW File="C:&#092;Users&#092;jcfaria&#092;Dropbox&#092;cursos&#092;R&#092;tmp&#092;res&#092;Untitled3.Rnw" TopLine="43" X="11" Y="62"/><ROW File="C:&#092;Users&#092;jcfaria&#092;Dropbox&#092;cursos&#092;R&#092;tmp&#092;res&#092;Untitled3.tex" TopLine="1" X="13" Y="27"/><ROW File="C:&#092;Users&#092;jcfaria&#092;Dropbox&#092;cursos&#092;R&#092;tmp&#092;res&#092;Untitled2.html" TopLine="108" X="1" Y="1"/><ROW File="C:&#092;Users&#092;jcfaria&#092;Desktop&#092;ivan&#092;test.R" TopLine="1" X="6" Y="12"/><ROW File="C:&#092;Users&#092;jcfaria&#092;Documents&#092;Git_Bitbucket&#092;Tinn-R&#092;Tinn-R_doc&#092;sub&#092;WhatIsNew.tex" TopLine="11" X="1" Y="32"/><ROW File="C:&#092;Users&#092;jcfaria&#092;Documents&#092;favoritos_11_10_2018.html" TopLine="1" X="1" Y="1"/><ROW File="C:&#092;Users&#092;jcfaria&#092;Documents&#092;GitHub&#092;gerexp&#092;examples&#092;script.R" Marks="1:74" TopLine="239" X="23" Y="254"/><ROW File="C:&#092;Users&#092;jcfaria&#092;Documents&#092;GitHub&#092;gerexp&#092;R&#092;gerexp.R" TopLine="1" X="1" Y="1"/><ROW File="C:&#092;Users&#092;jcfaria&#092;Documents&#092;GitHub&#092;gerexp&#092;vignettes&#092;intro.Rmd" TopLine="44" X="1" Y="1"/><ROW File="C:&#092;Users&#092;jcfaria&#092;Downloads&#092;script.r" TopLine="1" X="1" Y="1"/><ROW File="C:&#092;Users&#092;jcfaria&#092;Desktop&#092;introducao_basico.R" TopLine="1" X="1" Y="1"/><ROW File="C:&#092;Users&#092;jcfaria&#092;Desktop&#092;face.txt" TopLine="1" X="54" Y="17"/><ROW File="C:&#092;Users&#092;jcfaria&#092;Desktop&#092;Untitled1.R" TopLine="1" X="44" Y="1"/><ROW File="C:&#092;Users&#092;jcfaria&#092;Desktop&#092;Untitled1.txt" TopLine="1" X="65" Y="4"/><ROW File="C:&#092;Users&#092;jcfaria&#092;Documents&#092;GitHub&#092;gerexp&#092;gerexp_project.tps" TopLine="1" X="16" Y="15"/><ROW File="C:&#092;Users&#092;jcfaria&#092;Documents&#092;GitHub&#092;gerexp&#092;DESCRIPTION" TopLine="1" X="14" Y="11"/><ROW File="C:&#092;Users&#092;jcfaria&#092;Documents&#092;GitHub&#092;gerexp&#092;man&#092;lba.Rd" TopLine="312" X="1" Y="1"/><ROW File="C:&#092;Users&#092;jcfaria&#092;Desktop&#092;test_brackets.R" TopLine="1" X="56" Y="10"/><ROW File="C:&#092;Users&#092;jcfaria&#092;Documents&#092;Git_Bitbucket&#092;Tinn-R&#092;Tinn-R&#092;Tinn-R&#092;distribution&#092;Tinn-R Portable&#092;zip&#092;new_version_portable.txt" TopLine="1" X="64" Y="2"/><ROW File="C:&#092;Users&#092;jcfaria&#092;Desktop&#092;Kramer&#092;senhas.txt" TopLine="34" X="1" Y="70"/><ROW File="C:&#092;Users&#092;jcfaria&#092;Documents&#092;Git_Bitbucket&#092;Tinn-R&#092;Tinn-R&#092;Tinn-R&#092;source&#092;Tinn-RPortable&#092;Tinn_RPortable.dproj" TopLine="79" X="1" Y="1"/><ROW File="C:&#092;Users&#092;jcfaria&#092;Documents&#092;Git_Bitbucket&#092;Tinn-R&#092;Tinn-R&#092;Tinn-R&#092;source&#092;Tinn-RPortable&#092;Tinn_RPortable.dproj.local" TopLine="1" X="65" Y="19"/><ROW File="C:&#092;Users&#092;jcfaria&#092;Documents&#092;Git_Bitbucket&#092;Tinn-R&#092;Tinn-R&#092;Tinn-R&#092;distribution&#092;Tinn-R Portable&#092;structure&#092;structure.bat" TopLine="7" X="9" Y="14"/><ROW File="C:&#092;Users&#092;jcfaria&#092;Documents&#092;Git_Bitbucket&#092;Tinn-R&#092;Tinn-R&#092;Tinn-R&#092;distribution&#092;Tinn-R Portable&#092;tools&#092;launcher&#092;Tinn-R Portable Launcher Source Code.bat" TopLine="1" X="14" Y="9"/><ROW File="C:&#092;Users&#092;jcfaria&#092;Documents&#092;Git_Bitbucket&#092;Tinn-R&#092;Tinn-R&#092;Tinn-R&#092;distribution&#092;Tinn-R_portable&#092;structure&#092;structure.bat" Marks="1:60" TopLine="39" X="69" Y="63"/><ROW File="C:&#092;Users&#092;jcfaria&#092;Documents&#092;Git_Bitbucket&#092;Tinn-R&#092;Tinn-R&#092;Tinn-R&#092;distribution&#092;Tinn-R_portable&#092;tools&#092;launcher&#092;Tinn-R Portable Launcher Source Code.bat" TopLine="1" X="89" Y="10"/><ROW File="C:&#092;Users&#092;jcfaria&#092;Dropbox&#092;cursos&#092;seminarios&#092;10_exp_dbc&#092;ref&#092;R&#092;dbc.R" TopLine="34" X="25" Y="52"/><ROW File="C:&#092;Users&#092;jcfaria&#092;Documents&#092;Git_Bitbucket&#092;Tinn-R&#092;Tinn-R&#092;Tinn-R&#092;distribution&#092;Tinn-R_portable&#092;zip&#092;new_version_portable.txt" TopLine="1" X="64" Y="1"/><ROW File="C:&#092;Users&#092;jcfaria&#092;Desktop&#092;o_inominavael.txt" TopLine="1" X="78" Y="7"/><ROW File="C:&#092;Users&#092;jcfaria&#092;Desktop&#092;tmp_2&#092;Tinn-R&#092;sample&#092;Tinn-R_example of script.R" TopLine="1" X="1" Y="1"/><ROW File="C:&#092;Users&#092;jcfaria&#092;Documents&#092;Git_Bitbucket&#092;Tinn-R&#092;Tinn-R&#092;Tinn-R&#092;source&#092;Tinn-R_portable&#092;Tinn_R_portable.dpr" TopLine="9" X="67" Y="16"/><ROW File="C:&#092;Users&#092;jcfaria&#092;Documents&#092;Git_Bitbucket&#092;Tinn-R&#092;Tinn-R&#092;Tinn-R&#092;source&#092;Tinn-R_portable&#092;Tinn_R_portable - Copia.dpr" TopLine="1" X="1" Y="1"/><ROW File="C:&#092;Users&#092;jcfaria&#092;Dropbox&#092;cursos&#092;cet076&#092;provas&#092;2018_II&#092;CET076-2-pratica.tex" TopLine="1" X="1" Y="1"/><ROW File="C:&#092;Users&#092;jcfaria&#092;Dropbox&#092;cursos&#092;cet076&#092;provas&#092;2018_II&#092;alunos_final.R" TopLine="1" X="1" Y="1"/><ROW File="C:&#092;Users&#092;jcfaria&#092;Dropbox&#092;cursos&#092;cet076&#092;provas&#092;2018_II&#092;alunos.R" TopLine="1" X="1" Y="1"/><ROW File="C:&#092;Users&#092;jcfaria&#092;Dropbox&#092;cursos&#092;cet076&#092;provas&#092;2018_II&#092;dados&#092;alunos_ficticio.txt" TopLine="1" X="6" Y="2"/><ROW File="C:&#092;Users&#092;jcfaria&#092;Dropbox&#092;cursos&#092;cet076&#092;provas&#092;2018_II&#092;CET076-2-pratica.Rnw" Marks="1:34" TopLine="1" X="1" Y="1"/><ROW File="C:&#092;Users&#092;jcfaria&#092;Dropbox&#092;cursos&#092;cet076&#092;provas&#092;2018_II&#092;dados&#092;alunos.txt" TopLine="1" X="1" Y="1"/><ROW File="C:&#092;Users&#092;jcfaria&#092;Dropbox&#092;cursos&#092;cet076&#092;provas&#092;2018_II&#092;enviadas_referencia&#092;prova_2&#092;ref&#092;CET076_p2q1.txt" TopLine="1" X="1" Y="1"/><ROW File="C:&#092;Users&#092;jcfaria&#092;Dropbox&#092;cursos&#092;cet076&#092;provas&#092;2018_II&#092;CET076-2-pratica_cor.Rnw" TopLine="20" X="42" Y="37"/><ROW File="C:&#092;Users&#092;jcfaria&#092;Dropbox&#092;cursos&#092;cet076&#092;provas&#092;2018_II&#092;CET076-2-pratica_cor.tex" TopLine="1" X="1" Y="13"/><ROW File="C:&#092;Users&#092;jcfaria&#092;Dropbox&#092;cursos&#092;cet076&#092;apresentacao_cp&#092;apresentacao_disciplina.txt" TopLine="9" X="37" Y="64"/><ROW File="C:&#092;Users&#092;jcfaria&#092;Dropbox&#092;cursos&#092;cet083&#092;provas&#092;2018_II&#092;CET083-2_pratica.tex" Marks="1:141" TopLine="67" X="27" Y="76"/><ROW File="C:&#092;Users&#092;jcfaria&#092;Desktop&#092;tortute_smart_send.R" TopLine="10" X="1" Y="19"/><ROW File="C:&#092;Users&#092;jcfaria&#092;Documents&#092;Git_Bitbucket&#092;Tinn-R&#092;Tinn-R_doc&#092;User_guide.log" TopLine="4149" X="1" Y="4148"/><ROW File="C:&#092;Users&#092;jcfaria&#092;Documents&#092;Git_Bitbucket&#092;Tinn-R&#092;Tinn-R_doc&#092;sty&#092;EditusColors.sty" TopLine="1" X="57" Y="19"/><ROW File="C:&#092;Users&#092;jcfaria&#092;Documents&#092;Git_Bitbucket&#092;Tinn-R&#092;Tinn-R_doc&#092;sty&#092;EditusFonts.sty" TopLine="1" X="19" Y="33"/><ROW File="C:&#092;Users&#092;jcfaria&#092;Dropbox&#092;pessoal&#092;beth.txt" TopLine="24" X="1" Y="49"/><ROW File="C:&#092;Users&#092;jcfaria&#092;Dropbox&#092;pessoal&#092;beth_desculpa.txt" TopLine="1" X="31" Y="9"/><ROW File="C:&#092;Users&#092;jcfaria&#092;AppData&#092;Local&#092;Temp&#092;FreeCommander5588&#092;01&#092;d2007h_code&#092;Examples.txt" TopLine="1" X="1" Y="1"/><ROW File="C:&#092;Users&#092;jcfaria&#092;Downloads&#092;delphi&#092;d2007h_code&#092;Examples.txt" TopLine="1" X="1" Y="1"/><ROW File="C:&#092;Users&#092;jcfaria&#092;Dropbox&#092;cursos&#092;seminarios&#092;12_exp_ef&#092;ref&#092;R&#092;ef.R" Marks="1:167 2:133" TopLine="193" X="1" Y="241"/><ROW File="C:&#092;Users&#092;jcfaria&#092;Downloads&#092;TMP&#092;Ivan.R" TopLine="1" X="8" Y="18"/><ROW File="C:&#092;Users&#092;jcfaria&#092;Documents&#092;R&#092;win-library&#092;3.5&#092;TukeyC&#092;NAMESPACE" TopLine="1" X="26" Y="18"/><ROW File="C:&#092;Users&#092;jcfaria&#092;Documents&#092;R&#092;win-library&#092;3.5&#092;TukeyC&#092;R&#092;TukeyC" TopLine="1" X="1" Y="1"/><ROW File="C:&#092;Users&#092;jcfaria&#092;AppData&#092;Local&#092;Packages&#092;Microsoft.MicrosoftEdge_8wekyb3d8bbwe&#092;TempState&#092;Downloads&#092;script (1).r" TopLine="1" X="1" Y="1"/><ROW File="C:&#092;Users&#092;jcfaria&#092;Downloads&#092;TMP&#092;genus_example.csv" TopLine="1" X="1" Y="1"/><ROW File="C:&#092;Users&#092;jcfaria&#092;Documents&#092;GitHub&#092;TukeyC&#092;R&#092;make.TukeyC.test.R" TopLine="66" X="65" Y="75"/><ROW File="C:&#092;Users&#092;jcfaria&#092;Documents&#092;GitHub&#092;TukeyC&#092;R&#092;make.TukeyC.groups.R" TopLine="14" X="1" Y="1"/><ROW File="C:&#092;Users&#092;jcfaria&#092;AppData&#092;Roaming&#092;Tinn-R&#092;app&#092;Tinn.ini" TopLine="1" X="7" Y="416"/><ROW File="C:&#092;Users&#092;jcfaria&#092;Desktop&#092;luiz_roberto.R" Marks="1:22 2:258 3:270" TopLine="208" X="25" Y="223"/><ROW File="C:&#092;Users&#092;jcfaria&#092;Desktop&#092;W_UDV&#092;Estrelada.txt" TopLine="1" X="37" Y="9"/><ROW File="C:&#092;Users&#092;jcfaria&#092;AppData&#092;Local&#092;Temp&#092;Tinn-R&#092;formatC.R" TopLine="1" X="1" Y="14"/><ROW File="C:&#092;Users&#092;jcfaria&#092;Documents&#092;Git_Bitbucket&#092;Tinn-R&#092;Tinn-R&#092;Tinn-R&#092;distribution&#092;Tinn-R&#092;bin&#092;patch_notes.html" TopLine="1" X="61" Y="16"/><ROW File="C:&#092;Users&#092;jcfaria&#092;Documents&#092;Git_Bitbucket&#092;Tinn-R&#092;Tinn-R&#092;Tinn-R&#092;distribution&#092;Tinn-R&#092;bin&#092;new_version_portable.txt" TopLine="1" X="1" Y="1"/><ROW File="C:&#092;Users&#092;jcfaria&#092;AppData&#092;Local&#092;Packages&#092;Microsoft.MicrosoftEdge_8wekyb3d8bbwe&#092;TempState&#092;Downloads&#092;make.TukeyC.groups.R" TopLine="1" X="30" Y="13"/><ROW File="C:&#092;Users&#092;jcfaria&#092;AppData&#092;Local&#092;Packages&#092;Microsoft.MicrosoftEdge_8wekyb3d8bbwe&#092;TempState&#092;Downloads&#092;crd_test.R" TopLine="1" X="1" Y="16"/><ROW File="C:&#092;Users&#092;jcfaria&#092;AppData&#092;Local&#092;Temp&#092;Tinn-R&#092;boxcox_MASS.R" TopLine="1" X="1" Y="16"/><ROW File="C:&#092;Users&#092;jcfaria&#092;Dropbox&#092;cursos&#092;cet076&#092;provas&#092;2018_II&#092;CET076-2-conceitual_m1_hibrida.tex" Marks="1:21 2:149" TopLine="134" X="26" Y="149"/><ROW File="C:&#092;Users&#092;jcfaria&#092;Dropbox&#092;microsoft_edge_favorites&#092;README.txt" TopLine="1" X="1" Y="3"/><ROW File="C:&#092;Users&#092;jcfaria&#092;Desktop&#092;torture_smart_send.R" Marks="2:116" TopLine="201" X="1" Y="238"/><ROW File="C:&#092;Users&#092;jcfaria&#092;Desktop&#092;celulares.txt" TopLine="1" X="1" Y="1"/><ROW File="C:&#092;Users&#092;jcfaria&#092;Dropbox&#092;cursos&#092;cet083&#092;provas&#092;2018_II&#092;CET083-3_conceitual_cor.Rnw" TopLine="164" X="31" Y="181"/><ROW File="C:&#092;Users&#092;jcfaria&#092;Dropbox&#092;cursos&#092;cet083&#092;provas&#092;2018_II&#092;CET083-3_conceitual_cor.tex" TopLine="150" X="1" Y="181"/><ROW File="C:&#092;Users&#092;jcfaria&#092;Dropbox&#092;cursos&#092;cet083&#092;provas&#092;2018_II&#092;CET083-3_conceitual.Rnw" TopLine="169" X="31" Y="181"/><ROW File="C:&#092;Users&#092;jcfaria&#092;Dropbox&#092;cursos&#092;cet076&#092;provas&#092;2018_II&#092;CET076-3-conceitual_m3_objetiva_cor.tex" TopLine="40" X="14" Y="54"/><ROW File="C:&#092;Users&#092;jcfaria&#092;Dropbox&#092;cursos&#092;seminarios&#092;03_bas_iep&#092;ref&#092;R&#092;iep.R" TopLine="129" X="1" Y="1"/><ROW File="C:&#092;Users&#092;jcfaria&#092;Dropbox&#092;cursos&#092;cet083&#092;provas&#092;2018_II&#092;CET083-3_conceitual.tex" TopLine="1" X="34" Y="7"/><ROW File="C:&#092;Users&#092;jcfaria&#092;Documents&#092;Git_Bitbucket&#092;Tinn-R&#092;Tinn-R&#092;Tinn-R&#092;doc&#092;Tinn-R_recognized words.R" TopLine="1" X="1" Y="1"/><ROW File="C:&#092;Users&#092;jcfaria&#092;Documents&#092;Git_Bitbucket&#092;Tinn-R&#092;Tinn-R&#092;Tinn-R&#092;sample&#092;deplate.dplt" TopLine="1" X="1" Y="1"/><ROW File="C:&#092;Users&#092;jcfaria&#092;Dropbox&#092;cursos&#092;seminarios&#092;04_bas_va&#092;ref&#092;vad&#092;R&#092;vad.R" TopLine="1" X="32" Y="18"/><ROW File="C:&#092;Users&#092;jcfaria&#092;Dropbox&#092;cursos&#092;R&#092;vac.R" TopLine="4" X="6" Y="21"/><ROW File="C:&#092;Users&#092;jcfaria&#092;Dropbox&#092;cursos&#092;R&#092;vad.R" TopLine="1" X="1" Y="1"/><ROW File="C:&#092;Users&#092;jcfaria&#092;AppData&#092;Local&#092;Temp&#092;Tinn-R&#092;ifelse.R" TopLine="15" X="1" Y="41"/><ROW File="C:&#092;Users&#092;jcfaria&#092;AppData&#092;Local&#092;Temp&#092;Tinn-R&#092;plot.R" TopLine="1" X="1" Y="24"/><ROW File="C:&#092;Users&#092;jcfaria&#092;Dropbox&#092;cursos&#092;seminarios&#092;04_bas_va&#092;ref&#092;vac&#092;R&#092;vac.R" Marks="3:550 2:437 1:327" TopLine="1" X="1" Y="1"/><ROW File="C:&#092;Users&#092;jcfaria&#092;Dropbox&#092;$tinn-r projetos&#092;TinnRcom.tps" TopLine="1" X="30" Y="2"/><ROW File="C:&#092;Users&#092;jcfaria&#092;Documents&#092;GitHub&#092;TinnRcom&#092;TinnRcom&#092;ChangeLog" TopLine="1" X="26" Y="4"/><ROW File="C:&#092;Users&#092;jcfaria&#092;Documents&#092;GitHub&#092;TinnRcom&#092;TinnRcom&#092;DESCRIPTION" TopLine="1" X="16" Y="4"/><ROW File="C:&#092;Users&#092;jcfaria&#092;Documents&#092;GitHub&#092;TinnRcom&#092;TinnRcom&#092;NAMESPACE" TopLine="1" X="1" Y="1"/><ROW File="C:&#092;Users&#092;jcfaria&#092;Documents&#092;GitHub&#092;TinnRcom&#092;TinnRcom&#092;inst&#092;CITATION" TopLine="1" X="1" Y="1"/><ROW File="C:&#092;Users&#092;jcfaria&#092;Documents&#092;GitHub&#092;TinnRcom&#092;TinnRcom&#092;R&#092;trArgs.R" TopLine="1" X="50" Y="7"/><ROW File="C:&#092;Users&#092;jcfaria&#092;Documents&#092;GitHub&#092;TinnRcom&#092;TinnRcom&#092;R&#092;trPaths.R" TopLine="1" X="38" Y="8"/><ROW File="C:&#092;Users&#092;jcfaria&#092;Documents&#092;Git_Bitbucket&#092;Tinn-R&#092;Tinn-R&#092;Tinn-R&#092;source&#092;SynEdit_highlighters&#092;SynHighlighterR.pas" TopLine="1558" X="12" Y="1575"/><ROW File="C:&#092;Users&#092;jcfaria&#092;Documents&#092;Git_Bitbucket&#092;Tinn-R&#092;Tinn-R&#092;Tinn-R&#092;utils&#092;info.R" TopLine="1" X="22" Y="10"/><ROW File="C:&#092;Users&#092;jcfaria&#092;Documents&#092;Git_Bitbucket&#092;Tinn-R&#092;Tinn-R&#092;Tinn-R&#092;utils&#092;mirrors.R" TopLine="1" X="1" Y="17"/><ROW File="C:&#092;Users&#092;jcfaria&#092;Documents&#092;Git_Bitbucket&#092;Tinn-R&#092;Tinn-R&#092;Tinn-R&#092;utils&#092;install.R" TopLine="1" X="1" Y="1"/><ROW File="C:&#092;Users&#092;jcfaria&#092;Documents&#092;Git_Bitbucket&#092;Tinn-R&#092;Tinn-R&#092;Tinn-R&#092;utils&#092;example.R" TopLine="1" X="1" Y="1"/><ROW File="C:&#092;Users&#092;jcfaria&#092;AppData&#092;Local&#092;Temp&#092;Tinn-R&#092;D.R" TopLine="1" X="1" Y="1"/><ROW File="C:&#092;Users&#092;jcfaria&#092;Dropbox&#092;cursos&#092;seminarios&#092;04_bas_va&#092;ref&#092;vac&#092;R&#092;gifs_principais_distribuicoes.R" TopLine="1" X="1" Y="1"/><ROW File="C:&#092;Users&#092;jcfaria&#092;Dropbox&#092;cursos&#092;cet076&#092;provas&#092;2018_II&#092;CET076-3-pratica_m1_ef.tex" TopLine="1" X="1" Y="13"/><ROW File="C:&#092;Users&#092;jcfaria&#092;Dropbox&#092;cursos&#092;cet076&#092;provas&#092;2018_II&#092;CET076-3-pratica_m1_ef.Rnw" Marks="2:107 1:98" TopLine="55" X="1" Y="101"/><ROW File="C:&#092;Users&#092;jcfaria&#092;Dropbox&#092;cursos&#092;cet076&#092;provas&#092;2018_II&#092;CET076-3-pratica_m1_ef_cor.Rnw" TopLine="42" X="18" Y="48"/><ROW File="C:&#092;Users&#092;jcfaria&#092;Dropbox&#092;cursos&#092;cet076&#092;provas&#092;2018_II&#092;CET076-3-pratica_m1_ef_cor.tex" TopLine="1" X="1" Y="13"/><ROW File="C:&#092;Users&#092;jcfaria&#092;Dropbox&#092;cursos&#092;cet076&#092;provas&#092;2018_II&#092;dados&#092;CET076_p3q1.txt" TopLine="1" X="1" Y="1"/><ROW File="C:&#092;Users&#092;jcfaria&#092;Dropbox&#092;cursos&#092;cet076&#092;provas&#092;2018_II&#092;CET076-4-pratica_rl.tex" TopLine="1" X="47" Y="5"/><ROW File="C:&#092;Users&#092;jcfaria&#092;Dropbox&#092;cursos&#092;cet076&#092;provas&#092;2018_II&#092;CET076-4-pratica_rl.Rnw" Marks="1:90 2:100" TopLine="52" X="5" Y="69"/><ROW File="C:&#092;Users&#092;jcfaria&#092;Dropbox&#092;cursos&#092;cet076&#092;provas&#092;2018_II&#092;CET076-4-pratica_cor.Rnw" Marks="3:134 2:40 0:145 1:163" TopLine="137" X="22" Y="159"/><ROW File="C:&#092;Users&#092;jcfaria&#092;Dropbox&#092;cursos&#092;cet076&#092;provas&#092;2018_II&#092;CET076-4-pratica_cor.tex" TopLine="1" X="1" Y="12"/><ROW File="C:&#092;Users&#092;jcfaria&#092;Dropbox&#092;cursos&#092;cet076&#092;provas&#092;2018_II&#092;CET076-3-pratica_m2_ef_rl_cor.Rnw" TopLine="274" X="1" Y="281"/><ROW File="C:&#092;Users&#092;jcfaria&#092;Dropbox&#092;cursos&#092;cet076&#092;provas&#092;2018_II&#092;enviadas_referencia&#092;prova_4&#092;referencia&#092;CET076_p4q1_ficticio.txt" TopLine="1" X="1" Y="1"/><ROW File="C:&#092;Users&#092;jcfaria&#092;AppData&#092;Local&#092;Temp&#092;Tinn-R&#092;text.R" TopLine="1" X="12" Y="23"/><ROW File="C:&#092;Users&#092;jcfaria&#092;Desktop&#092;mirror_test.R" TopLine="1" X="39" Y="2"/><ROW File="C:&#092;Users&#092;jcfaria&#092;Dropbox&#092;cursos&#092;R&#092;reg_shiny&#092;server.R" TopLine="58" X="1" Y="12"/><ROW File="C:&#092;Users&#092;jcfaria&#092;Dropbox&#092;cursos&#092;R&#092;reg_shiny&#092;sr.R" TopLine="1" X="33" Y="5"/><ROW File="C:&#092;Users&#092;jcfaria&#092;Dropbox&#092;cursos&#092;R&#092;reg_shiny&#092;ui.R" TopLine="1" X="34" Y="16"/><ROW File="C:&#092;Users&#092;jcfaria&#092;Dropbox&#092;cursos&#092;R&#092;exercicios_va&#092;sem_resposta&#092;cet083_1.rnw" TopLine="1" X="1" Y="62"/><ROW File="C:&#092;Users&#092;jcfaria&#092;Dropbox&#092;cursos&#092;R&#092;exercicios_va&#092;sem_resposta&#092;cet083_1.tex" TopLine="1" X="1" Y="1"/><ROW File="C:&#092;Users&#092;jcfaria&#092;Dropbox&#092;cursos&#092;cet083&#092;provas&#092;2018_II&#092;CET083-final_pratica_cor.Rnw" TopLine="1" X="1" Y="1"/><ROW File="C:&#092;Users&#092;jcfaria&#092;Dropbox&#092;cursos&#092;cet083&#092;provas&#092;2018_II&#092;CET083-4_pratica_cor_II.Rnw" TopLine="84" X="69" Y="95"/><ROW File="C:&#092;Users&#092;jcfaria&#092;Dropbox&#092;cursos&#092;R&#092;exercicios_va&#092;sem_resposta&#092;cet083_1_cor.Rnw" TopLine="277" X="1" Y="310"/><ROW File="C:&#092;Users&#092;jcfaria&#092;Dropbox&#092;cursos&#092;R&#092;exercicios_va&#092;sem_resposta&#092;cet083_1_cor.tex" TopLine="1" X="1" Y="1"/><ROW File="C:&#092;Users&#092;jcfaria&#092;Dropbox&#092;cursos&#092;cet083&#092;provas&#092;2018_II&#092;CET083-4_pratica_II.Rnw" TopLine="136" X="1" Y="158"/><ROW File="C:&#092;Users&#092;jcfaria&#092;Dropbox&#092;cursos&#092;seminarios&#092;05_bas_dn&#092;ref&#092;R&#092;dn.R" Marks="0:104 1:187" TopLine="71" X="62" Y="84"/><ROW File="C:&#092;Users&#092;jcfaria&#092;AppData&#092;Local&#092;Temp&#092;Tinn-R&#092;legend.R" TopLine="97" X="1" Y="134"/><ROW File="C:&#092;Users&#092;jcfaria&#092;Desktop&#092;mirrors_duca.R" TopLine="1" X="1" Y="14"/><ROW File="C:&#092;Users&#092;jcfaria&#092;Dropbox&#092;cursos&#092;cet083&#092;provas&#092;ivan_reg.R" Marks="0:47 1:66" TopLine="1" X="1" Y="1"/><ROW File="C:&#092;Users&#092;jcfaria&#092;Dropbox&#092;cursos&#092;R&#092;regressao_linear.R" TopLine="64" X="1" Y="44"/><ROW File="C:&#092;Users&#092;jcfaria&#092;Dropbox&#092;cursos&#092;cet083&#092;provas&#092;2018_II&#092;CET083-2_pratica_cor.Rnw" TopLine="1075" X="1" Y="1104"/><ROW File="C:&#092;Users&#092;jcfaria&#092;Dropbox&#092;cursos&#092;R&#092;funcoes&#092;plotRL.R" TopLine="36" X="20" Y="68"/><ROW File="C:&#092;Users&#092;jcfaria&#092;Dropbox&#092;cursos&#092;cet083&#092;provas&#092;ivan_reg_original.R" Marks="1:31 2:51" TopLine="84" X="1" Y="115"/><ROW File="C:&#092;Users&#092;jcfaria&#092;Desktop&#092;sky.txt" TopLine="1" X="1" Y="1"/><ROW File="C:&#092;Users&#092;jcfaria&#092;Dropbox&#092;cursos&#092;cet076&#092;provas&#092;2018_II&#092;CET076-2-conceitual_m1_hibrida_cor.tex" Marks="1:79 2:102" TopLine="7" X="1" Y="21"/><ROW File="C:&#092;Users&#092;jcfaria&#092;Dropbox&#092;cursos&#092;cet076&#092;provas&#092;2018_II&#092;CET076-final-conceitual_cor.tex" Marks="1:100 2:123" TopLine="16" X="45" Y="27"/><ROW File="C:&#092;Users&#092;jcfaria&#092;Dropbox&#092;cursos&#092;cet076&#092;provas&#092;2018_II&#092;CET076-final-conceitual.tex" Marks="1:62" TopLine="103" X="57" Y="112"/><ROW File="C:&#092;Users&#092;jcfaria&#092;Dropbox&#092;cursos&#092;cet083&#092;provas&#092;2018_II&#092;CET083-4_pratica_II_ate_normal.Rnw" TopLine="79" X="45" Y="99"/><ROW File="C:&#092;Users&#092;jcfaria&#092;Dropbox&#092;cursos&#092;cet083&#092;provas&#092;2018_II&#092;CET083-4_pratica_II_ate_normal.tex" TopLine="1" X="1" Y="15"/><ROW File="C:&#092;Users&#092;jcfaria&#092;Dropbox&#092;cursos&#092;cet083&#092;provas&#092;2018_II&#092;CET083-4_pratica_II_ate_normal_cor.Rnw" Marks="1:93" TopLine="78" X="51" Y="100"/><ROW File="C:&#092;Users&#092;jcfaria&#092;Dropbox&#092;cursos&#092;cet083&#092;provas&#092;2018_II&#092;CET083-4_pratica_II_ate_normal_cor.tex" TopLine="1" X="1" Y="1"/><ROW File="C:&#092;Users&#092;jcfaria&#092;Dropbox&#092;cursos&#092;cet083&#092;provas&#092;2018_II&#092;CET083-4_pratica_II_cor.Rnw" TopLine="76" X="67" Y="83"/><ROW File="C:&#092;Users&#092;jcfaria&#092;Documents&#092;Git_Bitbucket&#092;livro_basica&#092;livro&#092;sub&#092;C3_Analise_exploratoria.Rnw" TopLine="1" X="66" Y="1"/><ROW File="C:&#092;Users&#092;jcfaria&#092;Dropbox&#092;cursos&#092;cet083&#092;provas&#092;2018_II&#092;CET083-4_conceitual_ate_normal.tex" TopLine="22" X="96" Y="30"/><ROW File="C:&#092;Users&#092;jcfaria&#092;Dropbox&#092;cursos&#092;cet083&#092;provas&#092;2018_II&#092;CET083-4_conceitual_ate_normal_cor.tex" TopLine="158" X="1" Y="189"/><ROW File="C:&#092;Users&#092;jcfaria&#092;Dropbox&#092;cursos&#092;cet083&#092;provas&#092;2018_II&#092;CET083-4_conceitual.tex" TopLine="13" X="1" Y="1"/><ROW File="C:&#092;Users&#092;jcfaria&#092;Dropbox&#092;cursos&#092;cet076&#092;provas&#092;2018_II&#092;CET076-3-conceitual_m3_objetiva.tex" TopLine="37" X="21" Y="53"/><ROW File="C:&#092;Users&#092;jcfaria&#092;Dropbox&#092;cursos&#092;cet076&#092;provas&#092;2018_II&#092;CET076-3-conceitual_m1_aberta.tex" TopLine="74" X="1" Y="111"/><ROW File="C:&#092;Users&#092;jcfaria&#092;Dropbox&#092;cursos&#092;cet076&#092;provas&#092;2018_II&#092;CET076-3-conceitual_m1_aberta_2chamada.tex" TopLine="1" X="1" Y="1"/><ROW File="C:&#092;Users&#092;jcfaria&#092;Dropbox&#092;cursos&#092;cet076&#092;provas&#092;2018_II&#092;CET076-4-conceitual.tex" TopLine="1" X="38" Y="15"/><ROW File="C:&#092;Users&#092;jcfaria&#092;Dropbox&#092;cursos&#092;cet076&#092;provas&#092;2018_II&#092;CET076-4-conceitual_cor.tex" TopLine="1" X="38" Y="15"/><ROW File="F:&#092;docs&#092;uesc_req.txt" TopLine="1" X="1" Y="1"/><ROW File="C:&#092;Users&#092;jcfaria&#092;Desktop&#092;prob_comb.R" TopLine="1" X="1" Y="27"/><ROW File="C:&#092;Users&#092;jcfaria&#092;Dropbox&#092;cursos&#092;seminarios&#092;14_exp_rl&#092;ref&#092;R&#092;rl_analise_experimento.R" Marks="2:53" TopLine="228" X="1" Y="237"/><ROW File="C:&#092;Users&#092;jcfaria&#092;Dropbox&#092;cursos&#092;R&#092;reg_shiny&#092;Readme.txt" TopLine="1" X="1" Y="27"/><ROW File="C:&#092;Users&#092;jcfaria&#092;Dropbox&#092;cursos&#092;seminarios&#092;13_exp_efps&#092;2018.2&#092;R&#092;efps.R" TopLine="1" X="43" Y="10"/></ROWDATA></DATAPACKET>