<?xml version="1.0" standalone="yes"?>  <DATAPACKET Version="2.0"><METADATA><FIELDS><FIELD attrname="File" fieldtype="string" WIDTH="200"/><FIELD attrname="Marks" fieldtype="bin.hex" SUBTYPE="Text"/><FIELD attrname="TopLine" fieldtype="i4"/><FIELD attrname="X" fieldtype="i4"/><FIELD attrname="Y" fieldtype="i4"/></FIELDS><PARAMS/></METADATA><ROWDATA><ROW File="C:&#092;Users&#092;jcfaria&#092;Documents&#092;GitHub&#092;Tinn-R&#092;sample&#092;Tinn-R_example of script.R" Marks="0:10 1:15" TopLine="1" X="22" Y="18"/><ROW File="C:&#092;Users&#092;jcfaria&#092;Dropbox&#092;cursos&#092;R&#092;dados&#092;bussab_morettin.txt" TopLine="1" X="39" Y="3"/><ROW File="C:&#092;Users&#092;jcfaria&#092;Dropbox&#092;cursos&#092;R&#092;leitura_gravacao_dados.R" TopLine="60" X="1" Y="105"/><ROW File="C:&#092;Users&#092;jcfaria&#092;Dropbox&#092;cursos&#092;R&#092;tmp&#092;iris_alt.txt" TopLine="1" X="9" Y="2"/><ROW File="C:&#092;Users&#092;jcfaria&#092;Dropbox&#092;cursos&#092;R&#092;tmp&#092;BOD.txt" TopLine="1" X="1" Y="1"/><ROW File="C:&#092;Users&#092;jcfaria&#092;Dropbox&#092;cursos&#092;R&#092;tmp&#092;peridon.txt" TopLine="1" X="27" Y="7"/><ROW File="C:&#092;Users&#092;jcfaria&#092;Dropbox&#092;cursos&#092;teste&#092;peridon.txt" TopLine="1" X="46" Y="15"/><ROW File="C:&#092;Users&#092;jcfaria&#092;Dropbox&#092;cursos&#092;R&#092;dados&#092;tg.csv" TopLine="1" X="100" Y="14"/><ROW File="C:&#092;Users&#092;jcfaria&#092;Dropbox&#092;cursos&#092;R&#092;dados&#092;semente.csv" TopLine="1" X="1" Y="1"/><ROW File="C:&#092;Users&#092;jcfaria&#092;Dropbox&#092;cursos&#092;R&#092;dados&#092;msfinal.csv" TopLine="1" X="1" Y="1"/><ROW File="C:&#092;Users&#092;jcfaria&#092;Documents&#092;GitHub&#092;Tinn-R-doc&#092;User_guide.tex" TopLine="1" X="23" Y="11"/><ROW File="C:&#092;Users&#092;jcfaria&#092;Dropbox&#092;cursos&#092;cet083&#092;apresentacao_cp&#092;conteudo_programatico.txt" TopLine="13" X="77" Y="46"/><ROW File="C:&#092;Users&#092;jcfaria&#092;Desktop&#092;Tinn-R_users&#092;Felipe.R" TopLine="1" X="13" Y="10"/><ROW File="C:&#092;Users&#092;jcfaria&#092;Desktop&#092;tmp_1&#092;Untitled1.Rnw" TopLine="1" X="1" Y="1"/><ROW File="C:&#092;Users&#092;jcfaria&#092;Desktop&#092;tmp_1&#092;Untitled1.tex" TopLine="1" X="1" Y="1"/><ROW File="C:&#092;Users&#092;jcfaria&#092;Desktop&#092;tmp_1&#092;Untitled2.Rhtml" TopLine="1" X="1" Y="1"/><ROW File="C:&#092;Users&#092;jcfaria&#092;Desktop&#092;tmp_1&#092;Untitled3.Rmd" TopLine="1" X="1" Y="1"/><ROW File="C:&#092;Users&#092;jcfaria&#092;Desktop&#092;tmp_1&#092;Untitled2.html" TopLine="1" X="1" Y="1"/><ROW File="C:&#092;Users&#092;jcfaria&#092;Desktop&#092;tmp_1&#092;Untitled3.md" TopLine="1" X="1" Y="1"/><ROW File="C:&#092;Users&#092;jcfaria&#092;Desktop&#092;tmp_1&#092;Untitled3.html" TopLine="1" X="52" Y="9"/><ROW File="C:&#092;Users&#092;jcfaria&#092;Desktop&#092;tmp_1&#092;Untitled4.Rmd" TopLine="1" X="35" Y="15"/><ROW File="C:&#092;Users&#092;jcfaria&#092;Desktop&#092;tmp_1&#092;Untitled4.md" TopLine="1" X="1" Y="1"/><ROW File="C:&#092;Users&#092;jcfaria&#092;Desktop&#092;tmp_1&#092;Untitled4.html" TopLine="1" X="20" Y="14"/><ROW File="C:&#092;Users&#092;jcfaria&#092;Dropbox&#092;cursos&#092;R&#092;tmp&#092;Untitled1.Rnw" TopLine="26" X="1" Y="26"/><ROW File="C:&#092;Users&#092;jcfaria&#092;Dropbox&#092;cursos&#092;R&#092;tmp&#092;Untitled1.tex" TopLine="1" X="1" Y="1"/><ROW File="C:&#092;Users&#092;jcfaria&#092;Dropbox&#092;ae&#092;057.jose_raimundo&#092;2_scripts&#092;rel.Rnw" TopLine="93" X="19" Y="111"/><ROW File="C:&#092;Users&#092;jcfaria&#092;Dropbox&#092;ae&#092;057.jose_raimundo&#092;2_scripts&#092;sub&#092;dados.Rnw" TopLine="190" X="1" Y="1"/><ROW File="C:&#092;Users&#092;jcfaria&#092;Dropbox&#092;ae&#092;057.jose_raimundo&#092;2_scripts&#092;sub&#092;Untitled2.Rhtml" TopLine="1" X="64" Y="13"/><ROW File="C:&#092;Users&#092;jcfaria&#092;Dropbox&#092;ae&#092;057.jose_raimundo&#092;2_scripts&#092;sub&#092;Untitled3.Rmd" TopLine="1" X="1" Y="22"/><ROW File="C:&#092;Users&#092;jcfaria&#092;Dropbox&#092;ae&#092;057.jose_raimundo&#092;2_scripts&#092;sub&#092;Untitled3" TopLine="1" X="37" Y="16"/><ROW File="C:&#092;Users&#092;jcfaria&#092;Dropbox&#092;ae&#092;057.jose_raimundo&#092;2_scripts&#092;sub&#092;Untitled2.html" TopLine="1" X="1" Y="1"/><ROW File="C:&#092;Users&#092;jcfaria&#092;Dropbox&#092;ae&#092;057.jose_raimundo&#092;2_scripts&#092;sub&#092;Untitled3.html" TopLine="1" X="1" Y="1"/><ROW File="C:&#092;Users&#092;jcfaria&#092;Dropbox&#092;uesc_cis&#092;tex&#092;ci_w.tex" TopLine="174" X="70" Y="183"/><ROW File="C:&#092;Users&#092;jcfaria&#092;Dropbox&#092;uesc_cis&#092;tex&#092;modelos&#092;nbcgib_cran_https.tex" TopLine="1" X="95" Y="12"/><ROW File="C:&#092;Users&#092;jcfaria&#092;Dropbox&#092;cursos&#092;cet631&#092;apresentacao_cp&#092;conteudo_programatico.txt" TopLine="1" X="1" Y="43"/><ROW File="C:&#092;Users&#092;jcfaria&#092;Documents&#092;GitHub&#092;Tinn-R&#092;editor_keystrokes.txt" TopLine="1" X="71" Y="32"/><ROW File="C:&#092;Users&#092;jcfaria&#092;Dropbox&#092;cursos&#092;cet076&#092;provas&#092;2019_I&#092;CET076-2-conceitual_m1_hibrida.tex" TopLine="1" X="1" Y="1"/><ROW File="C:&#092;Users&#092;jcfaria&#092;Dropbox&#092;cursos&#092;UESC_CET076.tps" TopLine="42" X="1" Y="71"/><ROW File="C:&#092;Users&#092;jcfaria&#092;Dropbox&#092;cursos&#092;cet076&#092;provas&#092;2019_II&#092;CET076-2-conceitual_m1_hibrida.tex" TopLine="52" X="45" Y="74"/><ROW File="C:&#092;Users&#092;jcfaria&#092;Dropbox&#092;cursos&#092;CET076.tps" TopLine="1" X="1" Y="1"/><ROW File="C:&#092;Users&#092;jcfaria&#092;Dropbox&#092;cursos&#092;cet076&#092;provas&#092;2019_II&#092;alunos.R" TopLine="1" X="1" Y="4"/><ROW File="C:&#092;Users&#092;jcfaria&#092;Dropbox&#092;cursos&#092;cet076&#092;provas&#092;2019_II&#092;alunos.txt" TopLine="1" X="1" Y="1"/><ROW File="C:&#092;Users&#092;jcfaria&#092;Dropbox&#092;cursos&#092;cet076&#092;provas&#092;2019_II&#092;alunos_final.R" TopLine="1" X="1" Y="1"/><ROW File="C:&#092;Users&#092;jcfaria&#092;Dropbox&#092;cursos&#092;cet076&#092;provas&#092;2019_II&#092;dados&#092;alunos.txt" TopLine="1" X="19" Y="5"/><ROW File="C:&#092;Users&#092;jcfaria&#092;Dropbox&#092;cursos&#092;cet076&#092;provas&#092;2019_II&#092;CET076-2-pratica.Rnw" Marks="1:216" TopLine="22" X="1" Y="40"/><ROW File="C:&#092;Users&#092;jcfaria&#092;Dropbox&#092;cursos&#092;cet076&#092;provas&#092;2019_II&#092;CET076-2-pratica.tex" TopLine="1" X="1" Y="16"/><ROW File="C:&#092;Users&#092;jcfaria&#092;Dropbox&#092;cursos&#092;cet076&#092;provas&#092;2019_II&#092;dados&#092;alunos_ficticio.txt" TopLine="1" X="6" Y="2"/><ROW File="C:&#092;Users&#092;jcfaria&#092;Dropbox&#092;cursos&#092;cet076&#092;provas&#092;2019_II&#092;CET076-2-pratica_cor.Rnw" TopLine="19" X="36" Y="33"/><ROW File="C:&#092;Users&#092;jcfaria&#092;Dropbox&#092;cursos&#092;cet076&#092;provas&#092;2019_II&#092;CET076-2-pratica_cor.tex" TopLine="1" X="37" Y="15"/><ROW File="C:&#092;Users&#092;jcfaria&#092;Dropbox&#092;cursos&#092;cet076&#092;provas&#092;2019_II&#092;enviadas_referencia&#092;prova_2&#092;ref&#092;CET076_p2q1.txt" TopLine="1" X="1" Y="1"/><ROW File="C:&#092;Users&#092;jcfaria&#092;Dropbox&#092;cursos&#092;cet076&#092;provas&#092;2019_II&#092;enviadas_referencia&#092;prova_2&#092;ref&#092;CET076_p2q2.txt" TopLine="1" X="1" Y="1"/><ROW File="C:&#092;Users&#092;jcfaria&#092;Dropbox&#092;cursos&#092;cet076&#092;provas&#092;2019_II&#092;enviadas_referencia&#092;prova_2&#092;ref&#092;CET076_p2q3.txt" TopLine="1" X="1" Y="1"/><ROW File="C:&#092;Users&#092;jcfaria&#092;Downloads&#092;prova_2&#092;CET076_p2q1.txt" TopLine="1" X="1" Y="1"/><ROW File="C:&#092;Users&#092;jcfaria&#092;Downloads&#092;prova_2&#092;CET076_p2q2.txt" TopLine="1" X="1" Y="1"/><ROW File="C:&#092;Users&#092;jcfaria&#092;Downloads&#092;prova_2&#092;CET076_p2q3.txt" TopLine="1" X="1" Y="1"/><ROW File="C:&#092;Users&#092;jcfaria&#092;Desktop&#092;J.R.Guzzo.txt" TopLine="1" X="1" Y="1"/><ROW File="C:&#092;Users&#092;jcfaria&#092;Documents&#092;GitHub&#092;Tinn-R&#092;Editor_full.xml" TopLine="1" X="66" Y="38"/><ROW File="C:&#092;Users&#092;jcfaria&#092;Documents&#092;GitHub&#092;Tinn-R&#092;data&#092;editor_tmp_xml.txt" TopLine="1" X="1" Y="1"/><ROW File="C:&#092;Users&#092;jcfaria&#092;Documents&#092;GitHub&#092;Tinn-R&#092;data&#092;editor_tmp.xml" TopLine="1" X="6" Y="1"/><ROW File="C:&#092;Users&#092;jcfaria&#092;Documents&#092;GitHub&#092;Tinn-R&#092;data&#092;Editor.xml" TopLine="1" X="1" Y="98"/><ROW File="C:&#092;Users&#092;jcfaria&#092;AppData&#092;Roaming&#092;Tinn-R&#092;data&#092;Editor.xml" TopLine="1" X="470" Y="1"/><ROW File="C:&#092;Users&#092;jcfaria&#092;Dropbox&#092;cursos&#092;R&#092;introducao_essencial.R" TopLine="479" X="1" Y="502"/><ROW File="C:&#092;Users&#092;jcfaria&#092;AppData&#092;Local&#092;Temp&#092;Tinn-R&#092;leitura_gravacao_dados[20_23_29].R" TopLine="1" X="1" Y="1"/><ROW File="C:&#092;Users&#092;jcfaria&#092;Dropbox&#092;ae&#092;057.jose_raimundo&#092;1_dados&#092;dados.txt" TopLine="1" X="19" Y="14"/><ROW File="C:&#092;Users&#092;jcfaria&#092;Documents&#092;GitHub&#092;Tinn-R-doc&#092;sub&#092;five_application_options.tex" TopLine="27" X="1" Y="63"/><ROW File="C:&#092;Users&#092;jcfaria&#092;Documents&#092;GitHub&#092;Tinn-R-doc&#092;sub&#092;three_application_options.tex" Marks="1:208" TopLine="82" X="1" Y="88"/><ROW File="C:&#092;Users&#092;jcfaria&#092;Documents&#092;GitHub&#092;Tinn-R-doc&#092;sub&#092;three_hotkeys.tex" TopLine="1" X="1" Y="3"/><ROW File="C:&#092;Users&#092;jcfaria&#092;Documents&#092;GitHub&#092;Tinn-R-doc&#092;sub&#092;two_faq.tex" TopLine="367" X="1" Y="375"/><ROW File="C:&#092;Users&#092;jcfaria&#092;Documents&#092;GitHub&#092;Tinn-R-doc&#092;sub&#092;five_after_installation.tex" TopLine="53" X="1" Y="66"/><ROW File="C:&#092;Users&#092;jcfaria&#092;Documents&#092;GitHub&#092;Tinn-R-doc&#092;eBook.tex" TopLine="1" X="1" Y="1"/><ROW File="C:&#092;Users&#092;jcfaria&#092;Documents&#092;GitHub&#092;Tinn-R-doc&#092;sub&#092;WhatIsNew_2019.tex" TopLine="19" X="1" Y="3"/><ROW File="C:&#092;Users&#092;jcfaria&#092;Desktop&#092;Tinn-R_users&#092;Tinn_TODO.txt" TopLine="1" X="22" Y="5"/><ROW File="C:&#092;Users&#092;jcfaria&#092;Dropbox&#092;cursos&#092;R&#092;cov_cor.R" TopLine="1" X="1" Y="1"/><ROW File="C:&#092;Users&#092;jcfaria&#092;Dropbox&#092;cursos&#092;R&#092;apresentacoes_graficas_tabulares.R" TopLine="1" X="1" Y="1"/><ROW File="C:&#092;Users&#092;jcfaria&#092;Dropbox&#092;cursos&#092;R&#092;amostragem.R" TopLine="1" X="73" Y="19"/><ROW File="C:&#092;Users&#092;jcfaria&#092;Dropbox&#092;cursos&#092;R&#092;dql.R" TopLine="102" X="1" Y="133"/><ROW File="C:&#092;Users&#092;jcfaria&#092;Dropbox&#092;cursos&#092;R&#092;dbc.R" TopLine="65" X="1" Y="102"/><ROW File="C:&#092;Users&#092;jcfaria&#092;Dropbox&#092;cursos&#092;R&#092;dic.R" TopLine="51" X="1" Y="82"/><ROW File="C:&#092;Users&#092;jcfaria&#092;Dropbox&#092;cursos&#092;seminarios&#092;01_bas_na&#092;na_1&#092;R&#092;aas.R" TopLine="1" X="15" Y="23"/><ROW File="C:&#092;Users&#092;jcfaria&#092;Dropbox&#092;cursos&#092;seminarios&#092;01_bas_na&#092;na_1&#092;R&#092;ae.R" TopLine="1" X="9" Y="32"/><ROW File="C:&#092;Users&#092;jcfaria&#092;Dropbox&#092;cursos&#092;seminarios&#092;01_bas_na&#092;na_1&#092;R&#092;as.R" TopLine="1" X="7" Y="21"/><ROW File="C:&#092;Users&#092;jcfaria&#092;Dropbox&#092;cursos&#092;seminarios&#092;01_bas_na&#092;na_2&#092;R&#092;na_2.R" TopLine="70" X="1" Y="1"/><ROW File="C:&#092;Users&#092;jcfaria&#092;Dropbox&#092;cursos&#092;seminarios&#092;01_bas_na&#092;na_2&#092;R&#092;amostragem.R" TopLine="116" X="1" Y="1"/><ROW File="C:&#092;Users&#092;jcfaria&#092;Documents&#092;GitHub&#092;Tinn-R&#092;source&#092;Tinn-R&#092;trCodeSender.pas" TopLine="37" X="87" Y="78"/><ROW File="C:&#092;Users&#092;jcfaria&#092;Documents&#092;GitHub&#092;Tinn-R&#092;source&#092;Tinn-R&#092;trSynUtils.pas" TopLine="49" X="28" Y="65"/><ROW File="C:&#092;Users&#092;jcfaria&#092;Documents&#092;GitHub&#092;Tinn-R&#092;source&#092;Tinn-R&#092;trUtils.pas" TopLine="117" X="94" Y="120"/><ROW File="C:&#092;Users&#092;jcfaria&#092;Documents&#092;GitHub&#092;Tinn-R&#092;source&#092;Tinn-R&#092;udmSyn.pas" TopLine="772" X="32" Y="809"/><ROW File="C:&#092;Users&#092;jcfaria&#092;Documents&#092;GitHub&#092;Tinn-R&#092;source&#092;Tinn-R&#092;trRHistory.pas" TopLine="61" X="1" Y="84"/><ROW File="C:&#092;Users&#092;jcfaria&#092;Documents&#092;GitHub&#092;Tinn-R&#092;source&#092;Tinn-R&#092;ufrmAbout.pas" TopLine="121" X="23" Y="137"/><ROW File="C:&#092;Users&#092;jcfaria&#092;Documents&#092;GitHub&#092;Tinn-R&#092;source&#092;Tinn-R&#092;ufrmAppOptions.pas" TopLine="533" X="1" Y="564"/><ROW File="C:&#092;Users&#092;jcfaria&#092;Documents&#092;GitHub&#092;Tinn-R&#092;source&#092;Tinn-R&#092;ufrmColors.pas" TopLine="106" X="1" Y="126"/><ROW File="C:&#092;Users&#092;jcfaria&#092;Documents&#092;GitHub&#092;Tinn-R&#092;source&#092;Tinn-R&#092;ufrmEditor.pas" TopLine="145" X="5" Y="178"/><ROW File="C:&#092;Users&#092;jcfaria&#092;Documents&#092;GitHub&#092;Tinn-R&#092;source&#092;Tinn-R&#092;ufrmMain.pas" TopLine="6912" X="1" Y="6931"/><ROW File="C:&#092;Users&#092;jcfaria&#092;Documents&#092;GitHub&#092;Tinn-R&#092;source&#092;Tinn-R&#092;uModDados.pas" TopLine="154" X="1" Y="178"/><ROW File="C:&#092;Users&#092;jcfaria&#092;Documents&#092;GitHub&#092;Tinn-R&#092;source&#092;Tinn-R&#092;ufrmTools.pas" TopLine="596" X="5" Y="627"/><ROW File="C:&#092;Users&#092;jcfaria&#092;Documents&#092;GitHub&#092;Tinn-R&#092;source&#092;Tinn-R&#092;ufrmSKH_map.pas" TopLine="159" X="5" Y="190"/><ROW File="C:&#092;Users&#092;jcfaria&#092;Documents&#092;GitHub&#092;Tinn-R&#092;source&#092;Tinn-R&#092;ufrmSKH_Manager.pas" TopLine="33" X="5" Y="64"/><ROW File="C:&#092;Users&#092;jcfaria&#092;Documents&#092;GitHub&#092;Tinn-R&#092;source&#092;Tinn-R&#092;ufrmRterm.pas" TopLine="170" X="1" Y="201"/><ROW File="C:&#092;Users&#092;jcfaria&#092;Documents&#092;GitHub&#092;Tinn-R&#092;source&#092;Tinn-R&#092;ufrmRmirrors.pas" TopLine="82" X="1" Y="1"/><ROW File="C:&#092;Users&#092;jcfaria&#092;Documents&#092;GitHub&#092;Tinn-R&#092;source&#092;Tinn-R&#092;ufrmCompletion.pas" TopLine="88" X="1" Y="1"/><ROW File="C:&#092;Users&#092;jcfaria&#092;Documents&#092;GitHub&#092;Tinn-R&#092;source&#092;Tinn-R&#092;ufrmComments.pas" TopLine="76" X="1" Y="1"/><ROW File="C:&#092;Users&#092;jcfaria&#092;Dropbox&#092;cursos&#092;seminarios&#092;11_exp_dql&#092;dql&#092;R&#092;dql.R" TopLine="51" X="1" Y="59"/><ROW File="C:&#092;Users&#092;jcfaria&#092;Dropbox&#092;cursos&#092;seminarios&#092;11_exp_dql&#092;dql&#092;R&#092;dql.txt" TopLine="1" X="10" Y="24"/><ROW File="C:&#092;Users&#092;jcfaria&#092;Dropbox&#092;cursos&#092;R&#092;gexp_prova_dic_dbc_dql.R" TopLine="1" X="1" Y="20"/><ROW File="C:&#092;Users&#092;jcfaria&#092;Dropbox&#092;cursos&#092;R&#092;gexp_quali_dexp_bas.R" TopLine="25" X="1" Y="38"/><ROW File="C:&#092;Users&#092;jcfaria&#092;Dropbox&#092;cursos&#092;R&#092;gexp_quant_dexp_bas.R" TopLine="129" X="1" Y="185"/><ROW File="C:&#092;Users&#092;jcfaria&#092;Dropbox&#092;cursos&#092;R&#092;gexp_quali_fe.R" TopLine="238" X="1" Y="190"/><ROW File="C:&#092;Users&#092;jcfaria&#092;Dropbox&#092;cursos&#092;R&#092;gexp_quali_psd.R" TopLine="366" X="1" Y="422"/><ROW File="C:&#092;Users&#092;jcfaria&#092;Dropbox&#092;cursos&#092;R&#092;gexp_quant_psd.R" TopLine="318" X="1" Y="330"/><ROW File="C:&#092;Users&#092;jcfaria&#092;Dropbox&#092;cursos&#092;R&#092;reg_shiny&#092;shiny&#092;leia_me.txt" TopLine="1" X="1" Y="1"/><ROW File="C:&#092;Users&#092;jcfaria&#092;Dropbox&#092;cursos&#092;R&#092;reg_shiny&#092;shiny&#092;server.R" TopLine="1" X="1" Y="12"/><ROW File="C:&#092;Users&#092;jcfaria&#092;Dropbox&#092;cursos&#092;R&#092;reg_shiny&#092;shiny&#092;sr.R" TopLine="1" X="1" Y="1"/><ROW File="C:&#092;Users&#092;jcfaria&#092;Dropbox&#092;cursos&#092;R&#092;reg_shiny&#092;shiny&#092;ui.R" TopLine="1" X="25" Y="14"/><ROW File="C:&#092;Users&#092;jcfaria&#092;Dropbox&#092;cursos&#092;R&#092;contrastes.R" TopLine="1" X="1" Y="1"/><ROW File="C:&#092;Users&#092;jcfaria&#092;Dropbox&#092;cursos&#092;cet076&#092;apresentacao_cp&#092;apresentacao_disciplina.txt" TopLine="1" X="1" Y="1"/><ROW File="C:&#092;Users&#092;jcfaria&#092;Dropbox&#092;cursos&#092;R&#092;dist_chisq_origem.R" TopLine="1" X="1" Y="1"/><ROW File="C:&#092;Users&#092;jcfaria&#092;Dropbox&#092;cursos&#092;R&#092;dist_f_varias.R" TopLine="1" X="1" Y="1"/><ROW File="C:&#092;Users&#092;jcfaria&#092;Dropbox&#092;cursos&#092;R&#092;psd_steel_torrie_1980.R" TopLine="1" X="1" Y="1"/><ROW File="C:&#092;Users&#092;jcfaria&#092;Dropbox&#092;cursos&#092;seminarios&#092;02_bas_aed&#092;01_aed_atg&#092;aed_atg_1&#092;R&#092;atg_graficos.R" TopLine="170" X="20" Y="206"/><ROW File="C:&#092;Users&#092;jcfaria&#092;AppData&#092;Local&#092;Temp&#092;Tinn-R&#092;fdt_cat.R" TopLine="25" X="2" Y="31"/><ROW File="C:&#092;Users&#092;jcfaria&#092;Dropbox&#092;cursos&#092;seminarios&#092;02_bas_aed&#092;01_aed_atg&#092;aed_atg_1&#092;R&#092;boxplot_anatomia.R" TopLine="1" X="1" Y="1"/><ROW File="C:&#092;Users&#092;jcfaria&#092;Documents&#092;GitHub&#092;Tinn-R-doc&#092;sub&#092;three_databases.tex" Marks="1:47 2:80" TopLine="1" X="20" Y="9"/><ROW File="C:&#092;Users&#092;jcfaria&#092;Documents&#092;GitHub&#092;Tinn-R-doc&#092;sub&#092;three_tools.tex" TopLine="297" X="70" Y="320"/><ROW File="C:&#092;Users&#092;jcfaria&#092;Documents&#092;GitHub&#092;Tinn-R-doc&#092;sub&#092;WhatIsNew_2006.tex" TopLine="11" X="24" Y="20"/><ROW File="C:&#092;Users&#092;jcfaria&#092;Documents&#092;GitHub&#092;Tinn-R-doc&#092;sub&#092;WhatIsNew_2008.tex" TopLine="235" X="31" Y="235"/><ROW File="C:&#092;Users&#092;jcfaria&#092;Documents&#092;GitHub&#092;Tinn-R-doc&#092;User_guide.log" TopLine="3419" X="29" Y="3434"/><ROW File="C:&#092;Users&#092;jcfaria&#092;Documents&#092;GitHub&#092;Tinn-R&#092;doc&#092;Tinn-R_recognized words.R" TopLine="1" X="1" Y="1"/><ROW File="C:&#092;Users&#092;jcfaria&#092;Documents&#092;GitHub&#092;Tinn-R-doc&#092;sub&#092;three_projects.tex" TopLine="1" X="18" Y="20"/><ROW File="C:&#092;Users&#092;jcfaria&#092;Dropbox&#092;cursos&#092;cet631&#092;apresentacao_cp&#092;apresentacao_disciplina.txt" TopLine="1" X="1" Y="15"/><ROW File="C:&#092;Users&#092;jcfaria&#092;Documents&#092;GitHub&#092;Tinn-R-doc&#092;sub&#092;two_shortcuts.tex" Marks="1:763" TopLine="1" X="52" Y="6"/><ROW File="C:&#092;Users&#092;jcfaria&#092;Documents&#092;GitHub&#092;Tinn-R-doc&#092;sub&#092;oneOverview.tex" TopLine="94" X="1" Y="94"/><ROW File="C:&#092;Users&#092;jcfaria&#092;Documents&#092;GitHub&#092;Tinn-R-doc&#092;sty&#092;EditusColors.sty" TopLine="1" X="1" Y="1"/><ROW File="C:&#092;Users&#092;jcfaria&#092;Documents&#092;GitHub&#092;Tinn-R-doc&#092;sty&#092;EditusFonts.sty" TopLine="1" X="1" Y="1"/><ROW File="C:&#092;Users&#092;jcfaria&#092;Documents&#092;GitHub&#092;Tinn-R-doc&#092;sty&#092;EditusHyperref.sty" TopLine="1" X="1" Y="1"/><ROW File="C:&#092;Users&#092;jcfaria&#092;Documents&#092;GitHub&#092;Tinn-R-doc&#092;sty&#092;EditusMemoir.sty" TopLine="1" X="1" Y="1"/><ROW File="C:&#092;Users&#092;jcfaria&#092;Documents&#092;GitHub&#092;Tinn-R-doc&#092;sty&#092;EditusPackages.sty" TopLine="1" X="1" Y="1"/><ROW File="C:&#092;Users&#092;jcfaria&#092;Documents&#092;GitHub&#092;Tinn-R-doc&#092;sty&#092;EditusSweave.sty" TopLine="1" X="1" Y="1"/><ROW File="C:&#092;Users&#092;jcfaria&#092;Documents&#092;GitHub&#092;Tinn-R-doc&#092;sub_ug&#092;aaaDedication.tex" TopLine="1" X="1" Y="1"/><ROW File="C:&#092;Users&#092;jcfaria&#092;Documents&#092;GitHub&#092;Tinn-R-doc&#092;sub_ug&#092;aaaFrontCover.tex" TopLine="1" X="1" Y="1"/><ROW File="C:&#092;Users&#092;jcfaria&#092;Documents&#092;GitHub&#092;Tinn-R-doc&#092;sub_ug&#092;aaaTitle.tex" TopLine="1" X="1" Y="1"/><ROW File="C:&#092;Users&#092;jcfaria&#092;Documents&#092;GitHub&#092;Tinn-R-doc&#092;sub_ug&#092;zzzBackCover.tex" TopLine="1" X="1" Y="1"/><ROW File="C:&#092;Users&#092;jcfaria&#092;Documents&#092;GitHub&#092;Tinn-R-doc&#092;sub&#092;aaaBookSeries.tex" TopLine="1" X="1" Y="1"/><ROW File="C:&#092;Users&#092;jcfaria&#092;Documents&#092;GitHub&#092;Tinn-R-doc&#092;sub&#092;aaaCopyright.tex" TopLine="1" X="1" Y="1"/><ROW File="C:&#092;Users&#092;jcfaria&#092;Documents&#092;GitHub&#092;Tinn-R-doc&#092;sub&#092;aaaCredits.tex" TopLine="1" X="1" Y="1"/><ROW File="C:&#092;Users&#092;jcfaria&#092;Documents&#092;GitHub&#092;Tinn-R-doc&#092;sub&#092;aaaDedication.tex" TopLine="1" X="1" Y="1"/><ROW File="C:&#092;Users&#092;jcfaria&#092;Documents&#092;GitHub&#092;Tinn-R-doc&#092;sub&#092;aaaFrontCover.tex" TopLine="1" X="1" Y="1"/><ROW File="C:&#092;Users&#092;jcfaria&#092;Documents&#092;GitHub&#092;Tinn-R-doc&#092;sub&#092;aaaListOfFigures.tex" TopLine="1" X="1" Y="1"/><ROW File="C:&#092;Users&#092;jcfaria&#092;Documents&#092;GitHub&#092;Tinn-R-doc&#092;sub&#092;aaaListOfTables.tex" TopLine="1" X="1" Y="1"/><ROW File="C:&#092;Users&#092;jcfaria&#092;Documents&#092;GitHub&#092;Tinn-R-doc&#092;sub&#092;aaaPreface.tex" TopLine="1" X="1" Y="1"/><ROW File="C:&#092;Users&#092;jcfaria&#092;Documents&#092;GitHub&#092;Tinn-R-doc&#092;sub&#092;aaaTableOfContents.tex" TopLine="1" X="1" Y="1"/><ROW File="C:&#092;Users&#092;jcfaria&#092;Documents&#092;GitHub&#092;Tinn-R-doc&#092;sub&#092;a_twoBasics.tex" TopLine="1" X="1" Y="1"/><ROW File="C:&#092;Users&#092;jcfaria&#092;Documents&#092;GitHub&#092;Tinn-R-doc&#092;sub&#092;two_configuration.tex" TopLine="1" X="1" Y="1"/><ROW File="C:&#092;Users&#092;jcfaria&#092;Documents&#092;GitHub&#092;Tinn-R-doc&#092;sub&#092;a_threeWorkingWith.tex" TopLine="4" X="1" Y="18"/><ROW File="C:&#092;Users&#092;jcfaria&#092;Documents&#092;GitHub&#092;Tinn-R-doc&#092;sub&#092;three_filetabs.tex" TopLine="1" X="1" Y="1"/><ROW File="C:&#092;Users&#092;jcfaria&#092;Documents&#092;GitHub&#092;Tinn-R-doc&#092;sub&#092;three_find_replace.tex" TopLine="1" X="1" Y="1"/><ROW File="C:&#092;Users&#092;jcfaria&#092;Documents&#092;GitHub&#092;Tinn-R-doc&#092;sub&#092;three_highlighters.tex" TopLine="1" X="1" Y="1"/><ROW File="C:&#092;Users&#092;jcfaria&#092;Documents&#092;GitHub&#092;Tinn-R-doc&#092;sub&#092;three_marks.tex" TopLine="1" X="1" Y="1"/><ROW File="C:&#092;Users&#092;jcfaria&#092;Documents&#092;GitHub&#092;Tinn-R-doc&#092;sub&#092;three_regular_expressions.tex" TopLine="1" X="1" Y="1"/><ROW File="C:&#092;Users&#092;jcfaria&#092;Documents&#092;GitHub&#092;Tinn-R-doc&#092;sub&#092;three_Rterm.tex" TopLine="1" X="1" Y="1"/><ROW File="C:&#092;Users&#092;jcfaria&#092;Documents&#092;GitHub&#092;Tinn-R-doc&#092;sub&#092;three_search_in_files.tex" TopLine="1" X="1" Y="1"/><ROW File="C:&#092;Users&#092;jcfaria&#092;Documents&#092;GitHub&#092;Tinn-R-doc&#092;sub&#092;three_selection_mode.tex" TopLine="1" X="1" Y="1"/><ROW File="C:&#092;Users&#092;jcfaria&#092;Documents&#092;GitHub&#092;Tinn-R-doc&#092;sub&#092;three_shortcuts.tex" TopLine="1" X="22" Y="3"/><ROW File="C:&#092;Users&#092;jcfaria&#092;Documents&#092;GitHub&#092;Tinn-R-doc&#092;sub&#092;three_toolsbar.tex" TopLine="1" X="1" Y="1"/><ROW File="C:&#092;Users&#092;jcfaria&#092;Documents&#092;GitHub&#092;Tinn-R-doc&#092;sub&#092;a_fourMenuDescription.tex" TopLine="1" X="1" Y="1"/><ROW File="C:&#092;Users&#092;jcfaria&#092;Documents&#092;GitHub&#092;Tinn-R-doc&#092;sub&#092;four_edit.tex" TopLine="1" X="1" Y="1"/><ROW File="C:&#092;Users&#092;jcfaria&#092;Documents&#092;GitHub&#092;Tinn-R-doc&#092;sub&#092;four_file.tex" TopLine="1" X="1" Y="1"/><ROW File="C:&#092;Users&#092;jcfaria&#092;Documents&#092;GitHub&#092;Tinn-R-doc&#092;sub&#092;four_format.tex" TopLine="1" X="1" Y="1"/><ROW File="C:&#092;Users&#092;jcfaria&#092;Documents&#092;GitHub&#092;Tinn-R-doc&#092;sub&#092;four_help.tex" TopLine="1" X="1" Y="1"/><ROW File="C:&#092;Users&#092;jcfaria&#092;Documents&#092;GitHub&#092;Tinn-R-doc&#092;sub&#092;four_insert.tex" TopLine="1" X="1" Y="1"/><ROW File="C:&#092;Users&#092;jcfaria&#092;Documents&#092;GitHub&#092;Tinn-R-doc&#092;sub&#092;four_marks.tex" TopLine="1" X="1" Y="1"/><ROW File="C:&#092;Users&#092;jcfaria&#092;Documents&#092;GitHub&#092;Tinn-R-doc&#092;sub&#092;four_options.tex" TopLine="1" X="1" Y="1"/><ROW File="C:&#092;Users&#092;jcfaria&#092;Documents&#092;GitHub&#092;Tinn-R-doc&#092;sub&#092;four_project.tex" TopLine="1" X="1" Y="1"/><ROW File="C:&#092;Users&#092;jcfaria&#092;Documents&#092;GitHub&#092;Tinn-R-doc&#092;sub&#092;four_r.tex" TopLine="313" X="1" Y="323"/><ROW File="C:&#092;Users&#092;jcfaria&#092;Documents&#092;GitHub&#092;Tinn-R-doc&#092;sub&#092;four_search.tex" TopLine="1" X="1" Y="1"/><ROW File="C:&#092;Users&#092;jcfaria&#092;Documents&#092;GitHub&#092;Tinn-R-doc&#092;sub&#092;four_tools.tex" TopLine="1" X="1" Y="1"/><ROW File="C:&#092;Users&#092;jcfaria&#092;Documents&#092;GitHub&#092;Tinn-R-doc&#092;sub&#092;four_view.tex" TopLine="1" X="1" Y="1"/><ROW File="C:&#092;Users&#092;jcfaria&#092;Documents&#092;GitHub&#092;Tinn-R-doc&#092;sub&#092;four_web.tex" TopLine="1" X="1" Y="1"/><ROW File="C:&#092;Users&#092;jcfaria&#092;Documents&#092;GitHub&#092;Tinn-R-doc&#092;sub&#092;four_window.tex" TopLine="1" X="1" Y="1"/><ROW File="C:&#092;Users&#092;jcfaria&#092;Documents&#092;GitHub&#092;Tinn-R-doc&#092;sub&#092;a_fiveSecrets.tex" TopLine="1" X="1" Y="1"/><ROW File="C:&#092;Users&#092;jcfaria&#092;Documents&#092;GitHub&#092;Tinn-R-doc&#092;sub&#092;five_bars.tex" TopLine="1" X="1" Y="1"/><ROW File="C:&#092;Users&#092;jcfaria&#092;Documents&#092;GitHub&#092;Tinn-R-doc&#092;sub&#092;five_editor_howto.tex" TopLine="1" X="1" Y="1"/><ROW File="C:&#092;Users&#092;jcfaria&#092;Documents&#092;GitHub&#092;Tinn-R-doc&#092;sub&#092;five_highlighters.tex" TopLine="1" X="1" Y="1"/><ROW File="C:&#092;Users&#092;jcfaria&#092;Documents&#092;GitHub&#092;Tinn-R-doc&#092;sub&#092;five_introduction.tex" TopLine="1" X="1" Y="1"/><ROW File="C:&#092;Users&#092;jcfaria&#092;Documents&#092;GitHub&#092;Tinn-R-doc&#092;sub&#092;five_panicking.tex" TopLine="1" X="1" Y="1"/><ROW File="C:&#092;Users&#092;jcfaria&#092;Documents&#092;GitHub&#092;Tinn-R-doc&#092;sub&#092;five_spell.tex" TopLine="1" X="1" Y="1"/><ROW File="C:&#092;Users&#092;jcfaria&#092;Documents&#092;GitHub&#092;Tinn-R-doc&#092;sub&#092;five_split.tex" TopLine="1" X="1" Y="1"/><ROW File="C:&#092;Users&#092;jcfaria&#092;Documents&#092;GitHub&#092;Tinn-R-doc&#092;sub&#092;five_tools.tex" TopLine="1" X="1" Y="1"/><ROW File="C:&#092;Users&#092;jcfaria&#092;Documents&#092;GitHub&#092;Tinn-R-doc&#092;sub&#092;five_visibility.tex" TopLine="1" X="1" Y="1"/><ROW File="C:&#092;Users&#092;jcfaria&#092;Documents&#092;GitHub&#092;Tinn-R-doc&#092;sub&#092;a_WhatIsNew.tex" TopLine="24" X="1" Y="34"/><ROW File="C:&#092;Users&#092;jcfaria&#092;Documents&#092;GitHub&#092;Tinn-R-doc&#092;sub&#092;WhatIsNew_2004.tex" TopLine="1" X="1" Y="1"/><ROW File="C:&#092;Users&#092;jcfaria&#092;Documents&#092;GitHub&#092;Tinn-R-doc&#092;sub&#092;WhatIsNew_2005.tex" TopLine="1" X="1" Y="1"/><ROW File="C:&#092;Users&#092;jcfaria&#092;Documents&#092;GitHub&#092;Tinn-R-doc&#092;sub&#092;WhatIsNew_2007.tex" TopLine="1" X="1" Y="1"/><ROW File="C:&#092;Users&#092;jcfaria&#092;Documents&#092;GitHub&#092;Tinn-R-doc&#092;sub&#092;WhatIsNew_2009.tex" TopLine="1" X="1" Y="1"/><ROW File="C:&#092;Users&#092;jcfaria&#092;Documents&#092;GitHub&#092;Tinn-R-doc&#092;sub&#092;WhatIsNew_2010.tex" TopLine="1" X="1" Y="1"/><ROW File="C:&#092;Users&#092;jcfaria&#092;Documents&#092;GitHub&#092;Tinn-R-doc&#092;sub&#092;WhatIsNew_2012.tex" TopLine="1" X="1" Y="1"/><ROW File="C:&#092;Users&#092;jcfaria&#092;Documents&#092;GitHub&#092;Tinn-R-doc&#092;sub&#092;WhatIsNew_2013.tex" TopLine="1" X="1" Y="1"/><ROW File="C:&#092;Users&#092;jcfaria&#092;Documents&#092;GitHub&#092;Tinn-R-doc&#092;sub&#092;WhatIsNew_2014.tex" TopLine="1" X="1" Y="1"/><ROW File="C:&#092;Users&#092;jcfaria&#092;Documents&#092;GitHub&#092;Tinn-R-doc&#092;sub&#092;WhatIsNew_2015.tex" TopLine="1" X="1" Y="1"/><ROW File="C:&#092;Users&#092;jcfaria&#092;Documents&#092;GitHub&#092;Tinn-R-doc&#092;sub&#092;WhatIsNew_2016.tex" TopLine="1" X="1" Y="1"/><ROW File="C:&#092;Users&#092;jcfaria&#092;Documents&#092;GitHub&#092;Tinn-R-doc&#092;sub&#092;WhatIsNew_2018.tex" TopLine="1" X="1" Y="1"/><ROW File="C:&#092;Users&#092;jcfaria&#092;Documents&#092;GitHub&#092;Tinn-R-doc&#092;sub&#092;RManuals.tex" TopLine="1" X="1" Y="1"/><ROW File="C:&#092;Users&#092;jcfaria&#092;Documents&#092;GitHub&#092;Tinn-R-doc&#092;sub&#092;gpl3.tex" TopLine="1" X="1" Y="1"/><ROW File="C:&#092;Users&#092;jcfaria&#092;Documents&#092;GitHub&#092;Tinn-R-doc&#092;sub&#092;zzzAuthors.tex" TopLine="1" X="1" Y="1"/><ROW File="C:&#092;Users&#092;jcfaria&#092;Documents&#092;GitHub&#092;Tinn-R-doc&#092;sub&#092;zzzBackCover.tex" TopLine="1" X="1" Y="1"/><ROW File="C:&#092;Users&#092;jcfaria&#092;Documents&#092;GitHub&#092;Tinn-R-doc&#092;sub&#092;zzzBibliography.tex" TopLine="1" X="1" Y="1"/><ROW File="C:&#092;Users&#092;jcfaria&#092;Documents&#092;GitHub&#092;Tinn-R-doc&#092;sub&#092;zzzCrossRefs.tex" TopLine="1" X="1" Y="1"/><ROW File="C:&#092;Users&#092;jcfaria&#092;Documents&#092;GitHub&#092;Tinn-R-doc&#092;sub&#092;zzzGlossary.tex" TopLine="1" X="1" Y="1"/><ROW File="C:&#092;Users&#092;jcfaria&#092;Documents&#092;GitHub&#092;Tinn-R-doc&#092;sub&#092;zzzIndex.tex" TopLine="1" X="1" Y="1"/><ROW File="C:&#092;Users&#092;jcfaria&#092;Dropbox&#092;cursos&#092;seminarios&#092;recebido_alunos&#092;R&#092;na.R" TopLine="1" X="35" Y="61"/><ROW File="C:&#092;Users&#092;jcfaria&#092;Dropbox&#092;cursos&#092;seminarios&#092;recebido_alunos&#092;R&#092;aas.R" TopLine="1" X="1" Y="1"/><ROW File="C:&#092;Users&#092;jcfaria&#092;Dropbox&#092;cursos&#092;seminarios&#092;recebido_alunos&#092;R&#092;ae.R" TopLine="4" X="1" Y="41"/><ROW File="C:&#092;Users&#092;jcfaria&#092;Dropbox&#092;cursos&#092;seminarios&#092;recebido_alunos&#092;R&#092;as.R" TopLine="1" X="1" Y="28"/><ROW File="C:&#092;Users&#092;jcfaria&#092;Dropbox&#092;cursos&#092;seminarios&#092;recebido_alunos&#092;R&#092;amostragem.R" TopLine="1" X="1" Y="1"/><ROW File="C:&#092;Users&#092;jcfaria&#092;Documents&#092;GitHub&#092;Tinn-R&#092;project_clean.bat" TopLine="4" X="1" Y="36"/><ROW File="C:&#092;Users&#092;jcfaria&#092;Dropbox&#092;cursos&#092;seminarios&#092;02_bas_aed&#092;03_aed_med&#092;aed_med&#092;R&#092;aed_med.R" TopLine="88" X="1" Y="104"/><ROW File="F:&#092;LEC&#092;uesc_req.txt" TopLine="1" X="1" Y="1"/><ROW File="C:&#092;Users&#092;jcfaria&#092;Dropbox&#092;cursos&#092;seminarios&#092;12_exp_ef&#092;ef&#092;leia_me.txt" TopLine="1" X="1" Y="1"/><ROW File="C:&#092;Users&#092;jcfaria&#092;Dropbox&#092;cursos&#092;cet083&#092;provas&#092;2019_I&#092;CET083-2_pratica_cor.Rnw" TopLine="1" X="53" Y="50"/><ROW File="C:&#092;Users&#092;jcfaria&#092;Dropbox&#092;uesc_sei&#092;pontos de rede_LEC.txt" TopLine="1" X="1" Y="19"/><ROW File="C:&#092;Users&#092;jcfaria&#092;Dropbox&#092;uesc_sei&#092;SEI_Controle.txt" TopLine="1" X="94" Y="5"/><ROW File="C:&#092;Users&#092;jcfaria&#092;Dropbox&#092;cursos&#092;seminarios&#092;02_bas_aed&#092;01_aed_atg&#092;aed_atg_1&#092;R&#092;atg_tabelas.R" TopLine="21" X="1" Y="56"/><ROW File="C:&#092;Users&#092;jcfaria&#092;Documents&#092;GitHub&#092;Tinn-R-doc&#092;sub&#092;three_editor.tex" TopLine="1" X="23" Y="3"/><ROW File="C:&#092;Users&#092;jcfaria&#092;Dropbox&#092;cursos&#092;R&#092;introducao_estatistica_com_R.R" TopLine="1" X="1" Y="1"/><ROW File="C:&#092;Users&#092;jcfaria&#092;Dropbox&#092;cursos&#092;cet631&#092;R&#092;02_Amostragem.R" TopLine="1" X="1" Y="1"/><ROW File="C:&#092;Users&#092;jcfaria&#092;AppData&#092;Local&#092;Temp&#092;Tinn-R&#092;amostragem[10_55_38].R" TopLine="1" X="1" Y="1"/><ROW File="C:&#092;Users&#092;jcfaria&#092;AppData&#092;Local&#092;Temp&#092;Tinn-R&#092;amostragem[10_56_27].R" TopLine="1" X="1" Y="1"/><ROW File="C:&#092;Users&#092;jcfaria&#092;AppData&#092;Local&#092;Temp&#092;Tinn-R&#092;amostragem[10_56_46].R" TopLine="1" X="1" Y="1"/><ROW File="C:&#092;Users&#092;jcfaria&#092;Dropbox&#092;cursos&#092;cet631&#092;CET631.tps" TopLine="15" X="1" Y="43"/><ROW File="C:&#092;Users&#092;jcfaria&#092;Dropbox&#092;cursos&#092;cet631&#092;exercicios&#092;2019_II&#092;CET631_1_pratica.tex" TopLine="49" X="39" Y="64"/><ROW File="C:&#092;Users&#092;jcfaria&#092;Dropbox&#092;cursos&#092;cet631&#092;exercicios&#092;2019_II&#092;CET631_exercicio_1.tex" TopLine="1" X="1" Y="1"/><ROW File="C:&#092;Users&#092;jcfaria&#092;Dropbox&#092;cursos&#092;cet631&#092;exercicios&#092;2019_II&#092;CET631-1.tex" TopLine="55" X="1" Y="73"/><ROW File="C:&#092;Users&#092;jcfaria&#092;Dropbox&#092;cursos&#092;cet631&#092;exercicios&#092;2019_II&#092;CET631_base.tex" TopLine="25" X="1" Y="35"/><ROW File="C:&#092;Users&#092;jcfaria&#092;Dropbox&#092;cursos&#092;cet631&#092;exercicios&#092;2019_II&#092;CET631_exerciciio_1.tex" TopLine="36" X="1" Y="61"/><ROW File="C:&#092;Users&#092;jcfaria&#092;Dropbox&#092;cursos&#092;cet083&#092;provas&#092;2019_I&#092;CET083-2_pratica.tex" TopLine="49" X="28" Y="62"/><ROW File="C:&#092;Users&#092;jcfaria&#092;Dropbox&#092;cursos&#092;UESC_CET083.tps" TopLine="59" X="3" Y="97"/><ROW File="C:&#092;Users&#092;jcfaria&#092;Dropbox&#092;cursos&#092;cet083&#092;provas&#092;2019_II&#092;CET083-2_pratica.tex" TopLine="1" X="59" Y="11"/><ROW File="C:&#092;Users&#092;jcfaria&#092;Dropbox&#092;cursos&#092;cet083&#092;provas&#092;2019_II&#092;CET083-2_pratica_cor.Rnw" TopLine="569" X="1" Y="600"/><ROW File="C:&#092;Users&#092;jcfaria&#092;Dropbox&#092;cursos&#092;cet083&#092;provas&#092;2019_II&#092;CET083-2_pratica_cor.tex" TopLine="1" X="47" Y="9"/><ROW File="C:&#092;Users&#092;jcfaria&#092;Dropbox&#092;cursos&#092;cet083&#092;apresentacao_cp&#092;apresentacao_disciplina.txt" TopLine="1" X="12" Y="47"/><ROW File="C:&#092;Users&#092;jcfaria&#092;Documents&#092;GitHub&#092;Tinn-R-doc&#092;sub&#092;WhatIsNew_2020.tex" TopLine="1" X="22" Y="10"/><ROW File="C:&#092;Users&#092;jcfaria&#092;Documents&#092;GitHub&#092;Tinn-R-doc&#092;w_waste&#092;WhatIsNew_2019.tex" TopLine="1" X="1" Y="1"/><ROW File="C:&#092;Users&#092;jcfaria&#092;Dropbox&#092;cursos&#092;cet631&#092;exercicios&#092;2019_II&#092;CET083-2_pratica_cor.Rnw" TopLine="1" X="1" Y="1"/><ROW File="C:&#092;Users&#092;jcfaria&#092;Dropbox&#092;cursos&#092;cet631&#092;exercicios&#092;2019_II&#092;CET631_exercicio_1_cor.Rnw" TopLine="152" X="42" Y="158"/><ROW File="C:&#092;Users&#092;jcfaria&#092;Dropbox&#092;cursos&#092;cet631&#092;exercicios&#092;2019_II&#092;CET631_exercicio_1_cor.tex" TopLine="1" X="35" Y="8"/><ROW File="C:&#092;Users&#092;jcfaria&#092;Dropbox&#092;cursos&#092;seminarios&#092;12_exp_ef&#092;ef&#092;R&#092;ef.R" TopLine="106" X="1" Y="139"/><ROW File="C:&#092;Users&#092;jcfaria&#092;Documents&#092;GitHub&#092;Tinn-R&#092;source&#092;Tinn-R&#092;Tinn_R.dpr" TopLine="1" X="1" Y="1"/><ROW File="C:&#092;Users&#092;jcfaria&#092;Documents&#092;GitHub&#092;Tinn-R&#092;source&#092;Tinn-R_portable&#092;Tinn_R_portable.dpr" TopLine="1" X="1" Y="1"/><ROW File="C:&#092;Users&#092;jcfaria&#092;Documents&#092;GitHub&#092;Tinn-R&#092;source&#092;thirdy&#092;ATxCodepages.pas" TopLine="1" X="1" Y="1"/><ROW File="C:&#092;Users&#092;jcfaria&#092;Documents&#092;GitHub&#092;Tinn-R&#092;source&#092;thirdy&#092;clMultiStream.pas" TopLine="1" X="1" Y="1"/><ROW File="C:&#092;Users&#092;jcfaria&#092;Documents&#092;GitHub&#092;Tinn-R&#092;source&#092;thirdy&#092;codeEditor.pas" TopLine="1" X="1" Y="1"/><ROW File="C:&#092;Users&#092;jcfaria&#092;Documents&#092;GitHub&#092;Tinn-R&#092;source&#092;diff&#092;CodeEditor.pas" TopLine="1" X="1" Y="1"/><ROW File="C:&#092;Users&#092;jcfaria&#092;Documents&#092;GitHub&#092;Tinn-R&#092;source&#092;thirdy&#092;diffUnit.pas" TopLine="1" X="1" Y="1"/><ROW File="C:&#092;Users&#092;jcfaria&#092;Documents&#092;GitHub&#092;Tinn-R&#092;source&#092;diff&#092;DiffUnit.pas" TopLine="1" X="1" Y="1"/><ROW File="C:&#092;Users&#092;jcfaria&#092;Documents&#092;GitHub&#092;Tinn-R&#092;source&#092;thirdy&#092;dirWatch.pas" TopLine="1" X="1" Y="1"/><ROW File="C:&#092;Users&#092;jcfaria&#092;Documents&#092;GitHub&#092;Tinn-R&#092;source&#092;diff&#092;DirWatch.pas" TopLine="1" X="1" Y="1"/><ROW File="C:&#092;Users&#092;jcfaria&#092;Documents&#092;GitHub&#092;Tinn-R&#092;source&#092;thirdy&#092;fileView.pas" TopLine="1" X="1" Y="1"/><ROW File="C:&#092;Users&#092;jcfaria&#092;Documents&#092;GitHub&#092;Tinn-R&#092;source&#092;diff&#092;FileView.pas" TopLine="1" X="1" Y="1"/><ROW File="C:&#092;Users&#092;jcfaria&#092;Documents&#092;GitHub&#092;Tinn-R&#092;source&#092;thirdy&#092;findReplace.pas" TopLine="1" X="1" Y="1"/><ROW File="C:&#092;Users&#092;jcfaria&#092;Documents&#092;GitHub&#092;Tinn-R&#092;source&#092;diff&#092;FindReplace.pas" TopLine="1" X="1" Y="1"/><ROW File="C:&#092;Users&#092;jcfaria&#092;Documents&#092;GitHub&#092;Tinn-R&#092;source&#092;thirdy&#092;folderView.pas" TopLine="1" X="1" Y="1"/><ROW File="C:&#092;Users&#092;jcfaria&#092;Documents&#092;GitHub&#092;Tinn-R&#092;source&#092;diff&#092;FolderView.pas" TopLine="1" X="1" Y="1"/><ROW File="C:&#092;Users&#092;jcfaria&#092;Documents&#092;GitHub&#092;Tinn-R&#092;source&#092;thirdy&#092;hashUnit.pas" TopLine="1" X="1" Y="1"/><ROW File="C:&#092;Users&#092;jcfaria&#092;Documents&#092;GitHub&#092;Tinn-R&#092;source&#092;diff&#092;HashUnit.pas" TopLine="1" X="1" Y="1"/><ROW File="C:&#092;Users&#092;jcfaria&#092;Documents&#092;GitHub&#092;Tinn-R&#092;source&#092;thirdy&#092;searches.pas" TopLine="1" X="1" Y="1"/><ROW File="C:&#092;Users&#092;jcfaria&#092;Documents&#092;GitHub&#092;Tinn-R&#092;source&#092;diff&#092;Searches.pas" TopLine="1" X="1" Y="1"/><ROW File="C:&#092;Users&#092;jcfaria&#092;Documents&#092;GitHub&#092;Tinn-R&#092;source&#092;thirdy&#092;sndkey32.pas" TopLine="1" X="1" Y="1"/><ROW File="C:&#092;Users&#092;jcfaria&#092;Documents&#092;GitHub&#092;Tinn-R&#092;source&#092;thirdy&#092;Spin.pas" TopLine="1" X="1" Y="1"/><ROW File="C:&#092;Users&#092;jcfaria&#092;Documents&#092;GitHub&#092;Tinn-R&#092;source&#092;thirdy&#092;Split.pas" TopLine="1" X="1" Y="1"/><ROW File="C:&#092;Users&#092;jcfaria&#092;Documents&#092;GitHub&#092;Tinn-R&#092;source&#092;SynEdit_adapted&#092;SynCompletionProposal.pas" TopLine="1" X="1" Y="1"/><ROW File="C:&#092;Users&#092;jcfaria&#092;Documents&#092;GitHub&#092;Tinn-R&#092;source&#092;SynEdit_adapted&#092;SynEditKeyCmds.pas" TopLine="1" X="1" Y="1"/><ROW File="C:&#092;Users&#092;jcfaria&#092;Documents&#092;GitHub&#092;Tinn-R&#092;source&#092;SynEdit_adapted&#092;SynEditOC.pas" TopLine="1" X="1" Y="1"/><ROW File="C:&#092;Users&#092;jcfaria&#092;Documents&#092;GitHub&#092;Tinn-R&#092;source&#092;SynEdit_adapted&#092;SynEditPrintPreview.pas" TopLine="1" X="1" Y="1"/><ROW File="C:&#092;Users&#092;jcfaria&#092;Documents&#092;GitHub&#092;Tinn-R&#092;source&#092;SynEdit_adapted&#092;SynEditStrConst.pas" TopLine="1" X="1" Y="1"/><ROW File="C:&#092;Users&#092;jcfaria&#092;Documents&#092;GitHub&#092;Tinn-R&#092;source&#092;thirdy&#092;trShape.pas" TopLine="1" X="1" Y="1"/><ROW File="C:&#092;Users&#092;jcfaria&#092;Documents&#092;GitHub&#092;Tinn-R&#092;source&#092;thirdy&#092;uActionMacro.pas" TopLine="1" X="1" Y="1"/><ROW File="C:&#092;Users&#092;jcfaria&#092;Documents&#092;GitHub&#092;Tinn-R&#092;source&#092;thirdy&#092;ufrmAsciiChart.pas" TopLine="1" X="1" Y="1"/><ROW File="C:&#092;Users&#092;jcfaria&#092;Documents&#092;GitHub&#092;Tinn-R&#092;source&#092;diff&#092;ufrmDiffMain.pas" TopLine="1" X="1" Y="1"/><ROW File="C:&#092;Users&#092;jcfaria&#092;Documents&#092;GitHub&#092;Tinn-R&#092;source&#092;Tinn-R&#092;trRutils.pas" TopLine="1" X="1" Y="1"/><ROW File="C:&#092;Users&#092;jcfaria&#092;Documents&#092;GitHub&#092;Tinn-R&#092;source&#092;Tinn-R&#092;trSendSmart.pas" TopLine="1" X="1" Y="1"/><ROW File="C:&#092;Users&#092;jcfaria&#092;Documents&#092;GitHub&#092;Tinn-R&#092;source&#092;Tinn-R&#092;ufrmApp_Options.pas" TopLine="1" X="1" Y="1"/><ROW File="C:&#092;Users&#092;jcfaria&#092;Documents&#092;GitHub&#092;Tinn-R&#092;source&#092;Tinn-R&#092;ufrmCount.pas" TopLine="1" X="1" Y="1"/><ROW File="C:&#092;Users&#092;jcfaria&#092;Documents&#092;GitHub&#092;Tinn-R&#092;source&#092;Tinn-R&#092;ufrmDiffMain.pas" TopLine="1" X="1" Y="1"/><ROW File="C:&#092;Users&#092;jcfaria&#092;Documents&#092;GitHub&#092;Tinn-R&#092;source&#092;Tinn-R&#092;ufrmGotoBox.pas" TopLine="1" X="1" Y="1"/><ROW File="C:&#092;Users&#092;jcfaria&#092;Documents&#092;GitHub&#092;Tinn-R&#092;source&#092;Tinn-R&#092;ufrmGoup_New.pas" TopLine="1" X="1" Y="1"/><ROW File="C:&#092;Users&#092;jcfaria&#092;Documents&#092;GitHub&#092;Tinn-R&#092;source&#092;Tinn-R&#092;ufrmGroup_Rename.pas" TopLine="1" X="1" Y="1"/><ROW File="C:&#092;Users&#092;jcfaria&#092;Documents&#092;GitHub&#092;Tinn-R&#092;source&#092;Tinn-R&#092;ufrmLatex_Dimensional.pas" TopLine="1" X="1" Y="1"/><ROW File="C:&#092;Users&#092;jcfaria&#092;Documents&#092;GitHub&#092;Tinn-R&#092;source&#092;Tinn-R&#092;ufrmPandoc.pas" TopLine="1" X="1" Y="1"/><ROW File="C:&#092;Users&#092;jcfaria&#092;Documents&#092;GitHub&#092;Tinn-R&#092;source&#092;Tinn-R&#092;ufrmPrint_Configure.pas" TopLine="1" X="1" Y="1"/><ROW File="C:&#092;Users&#092;jcfaria&#092;Documents&#092;GitHub&#092;Tinn-R&#092;source&#092;Tinn-R&#092;ufrmPrint_Preview.pas" TopLine="1" X="1" Y="1"/><ROW File="C:&#092;Users&#092;jcfaria&#092;Documents&#092;GitHub&#092;Tinn-R&#092;source&#092;Tinn-R&#092;ufrmR_Card.pas" TopLine="1" X="1" Y="1"/><ROW File="C:&#092;Users&#092;jcfaria&#092;Documents&#092;GitHub&#092;Tinn-R&#092;source&#092;Tinn-R&#092;ufrmR_Mirrors.pas" TopLine="1" X="1" Y="1"/><ROW File="C:&#092;Users&#092;jcfaria&#092;Documents&#092;GitHub&#092;Tinn-R&#092;source&#092;Tinn-R&#092;ufrmR_Server.pas" TopLine="1" X="1" Y="1"/><ROW File="C:&#092;Users&#092;jcfaria&#092;Documents&#092;GitHub&#092;Tinn-R&#092;source&#092;Tinn-R&#092;ufrmR_Term.pas" TopLine="1" X="1" Y="1"/><ROW File="C:&#092;Users&#092;jcfaria&#092;Documents&#092;GitHub&#092;Tinn-R&#092;source&#092;Tinn-R&#092;ufrmReplace_Confirm_Dlg.pas" TopLine="1" X="1" Y="1"/><ROW File="C:&#092;Users&#092;jcfaria&#092;Documents&#092;GitHub&#092;Tinn-R&#092;source&#092;Tinn-R&#092;ufrmReplace_Dlg.pas" TopLine="1" X="1" Y="1"/><ROW File="C:&#092;Users&#092;jcfaria&#092;Documents&#092;GitHub&#092;Tinn-R&#092;source&#092;Tinn-R&#092;ufrmSearch_Dlg.pas" TopLine="1" X="1" Y="1"/><ROW File="C:&#092;Users&#092;jcfaria&#092;Documents&#092;GitHub&#092;Tinn-R&#092;source&#092;Tinn-R&#092;ufrmSearch_InFiles.pas" TopLine="1" X="1" Y="1"/><ROW File="C:&#092;Users&#092;jcfaria&#092;Documents&#092;GitHub&#092;Tinn-R&#092;source&#092;Tinn-R&#092;ufrmSplash.pas" TopLine="1" X="1" Y="1"/><ROW File="C:&#092;Users&#092;jcfaria&#092;Documents&#092;GitHub&#092;Tinn-R&#092;source&#092;Tinn-R&#092;ufrmUpdater.pas" TopLine="1" X="1" Y="1"/><ROW File="C:&#092;Users&#092;jcfaria&#092;Documents&#092;GitHub&#092;Tinn-R&#092;source&#092;SynEdit_highlighters&#092;SynHighlighterAll.pas" TopLine="1" X="1" Y="1"/><ROW File="C:&#092;Users&#092;jcfaria&#092;Documents&#092;GitHub&#092;Tinn-R&#092;source&#092;SynEdit_highlighters&#092;SynHighlighterR.pas" TopLine="1" X="1" Y="1"/><ROW File="C:&#092;Users&#092;jcfaria&#092;Documents&#092;GitHub&#092;Tinn-R&#092;source&#092;SynEdit_highlighters&#092;SynHighlighterTeX.pas" TopLine="1" X="1" Y="1"/><ROW File="C:&#092;Users&#092;jcfaria&#092;Documents&#092;GitHub&#092;Tinn-R&#092;source&#092;SynEdit_highlighters&#092;SynHighlighterText.pas" TopLine="1" X="1" Y="1"/><ROW File="C:&#092;Users&#092;jcfaria&#092;Documents&#092;GitHub&#092;Tinn-R&#092;source&#092;SynEdit_highlighters&#092;SynHighlighterURI.pas" TopLine="1" X="1" Y="1"/><ROW File="C:&#092;Users&#092;jcfaria&#092;Documents&#092;GitHub&#092;Tinn-R&#092;source&#092;Tinn-R&#092;udmSyn.dfm" TopLine="1" X="1" Y="1"/><ROW File="C:&#092;Users&#092;jcfaria&#092;Documents&#092;GitHub&#092;Tinn-R&#092;source&#092;Tinn-R&#092;ufrmAbout.dfm" TopLine="1" X="1" Y="1"/><ROW File="C:&#092;Users&#092;jcfaria&#092;Documents&#092;GitHub&#092;Tinn-R&#092;source&#092;Tinn-R&#092;ufrmApp_Options.dfm" TopLine="1" X="1" Y="31"/><ROW File="C:&#092;Users&#092;jcfaria&#092;Documents&#092;GitHub&#092;Tinn-R&#092;source&#092;Tinn-R&#092;ufrmColors.dfm" TopLine="1" X="1" Y="1"/><ROW File="C:&#092;Users&#092;jcfaria&#092;Documents&#092;GitHub&#092;Tinn-R&#092;source&#092;Tinn-R&#092;ufrmComments.dfm" TopLine="1" X="1" Y="1"/><ROW File="C:&#092;Users&#092;jcfaria&#092;Documents&#092;GitHub&#092;Tinn-R&#092;source&#092;Tinn-R&#092;ufrmCompletion.dfm" TopLine="1" X="1" Y="1"/><ROW File="C:&#092;Users&#092;jcfaria&#092;Documents&#092;GitHub&#092;Tinn-R&#092;source&#092;Tinn-R&#092;ufrmCount.dfm" TopLine="1" X="1" Y="1"/><ROW File="C:&#092;Users&#092;jcfaria&#092;Documents&#092;GitHub&#092;Tinn-R&#092;source&#092;Tinn-R&#092;ufrmDiffMain.dfm" TopLine="1" X="1" Y="1"/><ROW File="C:&#092;Users&#092;jcfaria&#092;Documents&#092;GitHub&#092;Tinn-R&#092;source&#092;Tinn-R&#092;ufrmEditor.dfm" TopLine="1" X="1" Y="1"/><ROW File="C:&#092;Users&#092;jcfaria&#092;Documents&#092;GitHub&#092;Tinn-R&#092;source&#092;Tinn-R&#092;ufrmGotoBox.dfm" TopLine="1" X="1" Y="1"/><ROW File="C:&#092;Users&#092;jcfaria&#092;Documents&#092;GitHub&#092;Tinn-R&#092;source&#092;Tinn-R&#092;ufrmGoup_New.dfm" TopLine="1" X="1" Y="1"/><ROW File="C:&#092;Users&#092;jcfaria&#092;Documents&#092;GitHub&#092;Tinn-R&#092;source&#092;Tinn-R&#092;ufrmGroup_Rename.dfm" TopLine="1" X="1" Y="1"/><ROW File="C:&#092;Users&#092;jcfaria&#092;Documents&#092;GitHub&#092;Tinn-R&#092;source&#092;Tinn-R&#092;ufrmLatex_Dimensional.dfm" TopLine="1" X="1" Y="1"/><ROW File="C:&#092;Users&#092;jcfaria&#092;Documents&#092;GitHub&#092;Tinn-R&#092;source&#092;Tinn-R&#092;ufrmMain.dfm" TopLine="1" X="1" Y="1"/><ROW File="C:&#092;Users&#092;jcfaria&#092;Documents&#092;GitHub&#092;Tinn-R&#092;source&#092;Tinn-R&#092;ufrmPandoc.dfm" TopLine="1" X="1" Y="1"/><ROW File="C:&#092;Users&#092;jcfaria&#092;Documents&#092;GitHub&#092;Tinn-R&#092;source&#092;Tinn-R&#092;ufrmPrint_Configure.dfm" TopLine="1" X="1" Y="1"/><ROW File="C:&#092;Users&#092;jcfaria&#092;Documents&#092;GitHub&#092;Tinn-R&#092;source&#092;Tinn-R&#092;ufrmPrint_Preview.dfm" TopLine="1" X="1" Y="1"/><ROW File="C:&#092;Users&#092;jcfaria&#092;Documents&#092;GitHub&#092;Tinn-R&#092;source&#092;Tinn-R&#092;ufrmR_Card.dfm" TopLine="1" X="1" Y="1"/><ROW File="C:&#092;Users&#092;jcfaria&#092;Documents&#092;GitHub&#092;Tinn-R&#092;source&#092;Tinn-R&#092;ufrmR_Mirrors.dfm" TopLine="1" X="1" Y="1"/><ROW File="C:&#092;Users&#092;jcfaria&#092;Documents&#092;GitHub&#092;Tinn-R&#092;source&#092;Tinn-R&#092;ufrmR_Server.dfm" TopLine="1" X="1" Y="1"/><ROW File="C:&#092;Users&#092;jcfaria&#092;Documents&#092;GitHub&#092;Tinn-R&#092;source&#092;Tinn-R&#092;ufrmR_Term.dfm" TopLine="1" X="1" Y="1"/><ROW File="C:&#092;Users&#092;jcfaria&#092;Documents&#092;GitHub&#092;Tinn-R&#092;source&#092;Tinn-R&#092;ufrmReplace_Confirm_Dlg.dfm" TopLine="1" X="1" Y="1"/><ROW File="C:&#092;Users&#092;jcfaria&#092;Documents&#092;GitHub&#092;Tinn-R&#092;source&#092;Tinn-R&#092;ufrmReplace_Dlg.dfm" TopLine="1" X="1" Y="1"/><ROW File="C:&#092;Users&#092;jcfaria&#092;Documents&#092;GitHub&#092;Tinn-R&#092;source&#092;Tinn-R&#092;ufrmSearch_Dlg.dfm" TopLine="1" X="1" Y="1"/><ROW File="C:&#092;Users&#092;jcfaria&#092;Documents&#092;GitHub&#092;Tinn-R&#092;source&#092;Tinn-R&#092;ufrmSearch_InFiles.dfm" TopLine="1" X="1" Y="1"/><ROW File="C:&#092;Users&#092;jcfaria&#092;Documents&#092;GitHub&#092;Tinn-R&#092;source&#092;Tinn-R&#092;ufrmSKH_Manager.dfm" TopLine="1" X="1" Y="1"/><ROW File="C:&#092;Users&#092;jcfaria&#092;Documents&#092;GitHub&#092;Tinn-R&#092;source&#092;Tinn-R&#092;ufrmSKH_map.dfm" TopLine="1" X="1" Y="1"/><ROW File="C:&#092;Users&#092;jcfaria&#092;Documents&#092;GitHub&#092;Tinn-R&#092;source&#092;Tinn-R&#092;ufrmSplash.dfm" TopLine="1" X="1" Y="1"/><ROW File="C:&#092;Users&#092;jcfaria&#092;Documents&#092;GitHub&#092;Tinn-R&#092;source&#092;Tinn-R&#092;ufrmTools.dfm" TopLine="1" X="1" Y="1"/><ROW File="C:&#092;Users&#092;jcfaria&#092;Documents&#092;GitHub&#092;Tinn-R&#092;source&#092;Tinn-R&#092;ufrmUpdater.dfm" TopLine="1" X="1" Y="1"/><ROW File="C:&#092;Users&#092;jcfaria&#092;Documents&#092;GitHub&#092;Tinn-R&#092;source&#092;Tinn-R&#092;uModDados.dfm" TopLine="1" X="1" Y="1"/><ROW File="C:&#092;Users&#092;jcfaria&#092;Documents&#092;GitHub&#092;Tinn-R&#092;data&#092;Cache.xml" TopLine="1" X="1" Y="1"/><ROW File="C:&#092;Users&#092;jcfaria&#092;Documents&#092;GitHub&#092;Tinn-R&#092;Tinn-R.tps" TopLine="155" X="4" Y="181"/><ROW File="C:&#092;Users&#092;jcfaria&#092;Dropbox&#092;cursos&#092;seminarios&#092;02_bas_aed&#092;04_aed_mearl&#092;aed_mearl_1&#092;R&#092;rl_ajustamento.R" TopLine="1" X="1" Y="1"/><ROW File="C:&#092;Users&#092;jcfaria&#092;Dropbox&#092;cursos&#092;cet631&#092;R&#092;01_Estatistica.R" TopLine="105" X="1" Y="1"/><ROW File="C:&#092;Users&#092;jcfaria&#092;Dropbox&#092;cursos&#092;cet631&#092;R&#092;03_Apresentacao de dados em tabelas.R" TopLine="1" X="13" Y="12"/><ROW File="C:&#092;Users&#092;jcfaria&#092;Dropbox&#092;cursos&#092;cet631&#092;R&#092;04_Apresentacao em graficos.R" TopLine="1" X="1" Y="1"/><ROW File="C:&#092;Users&#092;jcfaria&#092;Dropbox&#092;cursos&#092;cet631&#092;R&#092;05_Caracterizacao numerica de uma populacao ou amostra.R" TopLine="1" X="1" Y="1"/><ROW File="C:&#092;Users&#092;jcfaria&#092;Dropbox&#092;cursos&#092;cet631&#092;R&#092;06_A distribuicao binomial.R" TopLine="1" X="1" Y="1"/><ROW File="C:&#092;Users&#092;jcfaria&#092;Dropbox&#092;cursos&#092;cet631&#092;R&#092;07_Nocoes sobre a curva normal.R" TopLine="1" X="1" Y="1"/><ROW File="C:&#092;Users&#092;jcfaria&#092;Dropbox&#092;cursos&#092;cet631&#092;R&#092;08_Estimacao e intervalo de confianca.R" TopLine="1" X="1" Y="1"/><ROW File="C:&#092;Users&#092;jcfaria&#092;Dropbox&#092;cursos&#092;cet631&#092;R&#092;09_O teste do qui-quadrado.R" TopLine="1" X="1" Y="1"/><ROW File="C:&#092;Users&#092;jcfaria&#092;Dropbox&#092;cursos&#092;cet631&#092;R&#092;10_Nocoes sobre correlacao e regressao linear.R" TopLine="1" X="1" Y="1"/><ROW File="C:&#092;Users&#092;jcfaria&#092;Dropbox&#092;cursos&#092;cet076&#092;provas&#092;2019_II&#092;CET076-3-pratica_m1_ef.Rnw" TopLine="325" X="32" Y="350"/><ROW File="C:&#092;Users&#092;jcfaria&#092;Dropbox&#092;cursos&#092;cet076&#092;provas&#092;2019_II&#092;CET076-3e4-pratica_m2_ef_rl.Rnw" TopLine="220" X="1" Y="1"/><ROW File="C:&#092;Users&#092;jcfaria&#092;Dropbox&#092;cursos&#092;cet076&#092;provas&#092;2019_II&#092;CET076-3-pratica_m2_ef_psd.Rnw" Marks="3:116 2:168 1:38" TopLine="32" X="15" Y="38"/><ROW File="C:&#092;Users&#092;jcfaria&#092;Documents&#092;GitHub&#092;Tinn-R&#092;data&#092;RH_Control.xml" TopLine="1" X="1" Y="27"/><ROW File="C:&#092;Users&#092;jcfaria&#092;Dropbox&#092;cursos&#092;R&#092;funcoes&#092;gerar_dados_v9.R" TopLine="241" X="61" Y="275"/><ROW File="C:&#092;Users&#092;jcfaria&#092;Dropbox&#092;cursos&#092;R&#092;funcoes&#092;remove_outlier.R" TopLine="1" X="1" Y="1"/><ROW File="C:&#092;Program Files&#092;R&#092;R-3.6.1patched&#092;library&#092;translations&#092;pt_BR&#092;LC_MESSAGES&#092;graphics.mo" TopLine="2" X="1" Y="1"/><ROW File="C:&#092;Program Files&#092;R&#092;R-3.6.1patched&#092;library&#092;translations&#092;DESCRIPTION" TopLine="1" X="1" Y="1"/><ROW File="C:&#092;Users&#092;jcfaria&#092;AppData&#092;Local&#092;Programs&#092;MiKTeX 2.9&#092;tex&#092;latex&#092;texmf&#092;Sweave.sty" TopLine="1" X="1" Y="1"/><ROW File="C:&#092;Users&#092;jcfaria&#092;AppData&#092;Local&#092;Programs&#092;MiKTeX 2.9&#092;tex&#092;latex&#092;texmf&#092;Rd.sty" TopLine="1" X="1" Y="1"/><ROW File="C:&#092;Users&#092;jcfaria&#092;AppData&#092;Local&#092;Programs&#092;MiKTeX 2.9&#092;tex&#092;latex&#092;texmf&#092;omsaer.fd" TopLine="1" X="1" Y="1"/><ROW File="C:&#092;Users&#092;jcfaria&#092;Dropbox&#092;cursos&#092;cet076&#092;provas&#092;2019_II&#092;CET076-3-pratica_m2_ef_psd.tex" TopLine="1" X="1" Y="1"/><ROW File="C:&#092;Users&#092;jcfaria&#092;Dropbox&#092;cursos&#092;cet076&#092;provas&#092;2019_II&#092;CET076-3-pratica_m1_ef_cor.Rnw" TopLine="1" X="71" Y="33"/><ROW File="C:&#092;Users&#092;jcfaria&#092;Dropbox&#092;cursos&#092;cet076&#092;provas&#092;2019_II&#092;CET076-3-pratica_m2_ef_psd_cor.Rnw" Marks="2:239 1:39" TopLine="34" X="18" Y="52"/><ROW File="C:&#092;Users&#092;jcfaria&#092;Dropbox&#092;cursos&#092;cet076&#092;provas&#092;2019_II&#092;CET076-3-pratica_m2_ef_psd_cor.tex" TopLine="1" X="1" Y="1"/><ROW File="C:&#092;Users&#092;jcfaria&#092;AppData&#092;Local&#092;Temp&#092;Tinn-R&#092;interaction.plot.R" TopLine="8" X="75" Y="28"/><ROW File="C:&#092;Users&#092;jcfaria&#092;Dropbox&#092;cursos&#092;cet076&#092;provas&#092;2019_II&#092;CET076-34-pratica_m3_ef_rl.Rnw" TopLine="1" X="1" Y="1"/><ROW File="C:&#092;Tinn-R&#092;sample&#092;Tinn-R_example of script.R" TopLine="72" X="1" Y="105"/><ROW File="C:&#092;Users&#092;jcfaria&#092;Dropbox&#092;cursos&#092;R&#092;gexp_quant_fe.R" TopLine="286" X="1" Y="342"/><ROW File="C:&#092;Users&#092;jcfaria&#092;Documents&#092;GitHub&#092;Tinn-R&#092;distribution&#092;Readme.tex" TopLine="1" X="97" Y="14"/><ROW File="C:&#092;Users&#092;jcfaria&#092;Documents&#092;GitHub&#092;Tinn-R&#092;distribution&#092;Readme.markdown" TopLine="1" X="22" Y="1"/><ROW File="C:&#092;Users&#092;jcfaria&#092;Documents&#092;GitHub&#092;Tinn-R&#092;distribution&#092;Readme.html" TopLine="1" X="64" Y="1"/><ROW File="C:&#092;Users&#092;jcfaria&#092;Dropbox&#092;cursos&#092;seminarios&#092;13_exp_efps&#092;efps&#092;R&#092;efps.R" TopLine="1" X="1" Y="1"/><ROW File="C:&#092;Users&#092;jcfaria&#092;Dropbox&#092;cursos&#092;cet076&#092;apresentacao_cp&#092;conteudo_programatico.txt" TopLine="1" X="70" Y="20"/><ROW File="C:&#092;Users&#092;jcfaria&#092;Documents&#092;GitHub&#092;Tinn-R&#092;torture&#092;torture_smart_send.R" TopLine="1" X="1" Y="4"/><ROW File="C:&#092;Users&#092;jcfaria&#092;Dropbox&#092;cursos&#092;seminarios&#092;03_bas_iep&#092;iep_2&#092;R&#092;iep.R" TopLine="1" X="48" Y="10"/><ROW File="C:&#092;Users&#092;jcfaria&#092;Dropbox&#092;cursos&#092;seminarios&#092;03_bas_iep&#092;iep_2&#092;R&#092;freq_relativa_vs_densidade.R" TopLine="1" X="1" Y="1"/><ROW File="C:&#092;Users&#092;jcfaria&#092;Dropbox&#092;cursos&#092;seminarios&#092;recebido_alunos&#092;ef&#092;R&#092;ef.R" TopLine="219" X="1" Y="252"/><ROW File="C:&#092;Users&#092;jcfaria&#092;AppData&#092;Local&#092;Temp&#092;FreeCommander15212&#092;11&#092;ef&#092;R&#092;ef.R" TopLine="1" X="62" Y="10"/><ROW File="C:&#092;Users&#092;jcfaria&#092;Documents&#092;GitHub&#092;Tinn-R&#092;distribution&#092;web_release&#092;new_version.txt" TopLine="1" X="76" Y="3"/><ROW File="C:&#092;Users&#092;jcfaria&#092;Documents&#092;GitHub&#092;Tinn-R&#092;distribution&#092;web_release&#092;patch_notes.html" TopLine="1" X="32" Y="2"/><ROW File="C:&#092;Users&#092;jcfaria&#092;Documents&#092;GitHub&#092;Tinn-R&#092;distribution&#092;web_release&#092;Readme.html" TopLine="1" X="46" Y="1"/><ROW File="C:&#092;Users&#092;jcfaria&#092;Dropbox&#092;cursos&#092;R&#092;dist_chisq_uso.R" TopLine="1" X="1" Y="1"/><ROW File="C:&#092;Users&#092;jcfaria&#092;Dropbox&#092;cursos&#092;R&#092;dist_f_decisao.R" TopLine="1" X="1" Y="1"/><ROW File="C:&#092;Users&#092;jcfaria&#092;Dropbox&#092;cursos&#092;R&#092;dist_f_inferencia_tbl.R" TopLine="1" X="1" Y="1"/><ROW File="C:&#092;Users&#092;jcfaria&#092;Dropbox&#092;cursos&#092;R&#092;dist_f_inferencia_tud.R" TopLine="1" X="1" Y="1"/><ROW File="C:&#092;Users&#092;jcfaria&#092;Dropbox&#092;cursos&#092;R&#092;dist_f_inferencia_tue.R" TopLine="1" X="1" Y="1"/><ROW File="C:&#092;Users&#092;jcfaria&#092;Dropbox&#092;cursos&#092;R&#092;dist_f_origem.R" TopLine="1" X="1" Y="1"/><ROW File="C:&#092;Users&#092;jcfaria&#092;Dropbox&#092;cursos&#092;R&#092;dist_t_origem.R" TopLine="1" X="1" Y="1"/><ROW File="C:&#092;Users&#092;jcfaria&#092;Dropbox&#092;cursos&#092;R&#092;dist_t_uso.R" TopLine="1" X="1" Y="1"/><ROW File="C:&#092;Users&#092;jcfaria&#092;Dropbox&#092;cursos&#092;R&#092;rca_medidas.R" TopLine="1" X="1" Y="1"/><ROW File="C:&#092;Users&#092;jcfaria&#092;Dropbox&#092;cursos&#092;R&#092;rca_tcl.R" TopLine="1" X="1" Y="1"/><ROW File="C:&#092;Users&#092;jcfaria&#092;Dropbox&#092;cursos&#092;cet076&#092;provas&#092;2019_II&#092;dados&#092;alunos_final.txt" TopLine="1" X="1" Y="1"/><ROW File="C:&#092;Users&#092;jcfaria&#092;Dropbox&#092;cursos&#092;cet076&#092;provas&#092;2019_II&#092;dados&#092;CET076_p2q1.txt" TopLine="1" X="1" Y="1"/><ROW File="C:&#092;Users&#092;jcfaria&#092;Dropbox&#092;cursos&#092;cet076&#092;provas&#092;2019_II&#092;dados&#092;CET076_p2q2.txt" TopLine="1" X="1" Y="1"/><ROW File="C:&#092;Users&#092;jcfaria&#092;Dropbox&#092;cursos&#092;cet076&#092;provas&#092;2019_II&#092;dados&#092;CET076_p2q3.txt" TopLine="1" X="1" Y="1"/><ROW File="C:&#092;Users&#092;jcfaria&#092;Dropbox&#092;cursos&#092;cet076&#092;provas&#092;2019_II&#092;dados&#092;CET076_p3q1.txt" TopLine="1" X="1" Y="1"/><ROW File="C:&#092;Users&#092;jcfaria&#092;Dropbox&#092;cursos&#092;cet076&#092;provas&#092;2019_II&#092;dados&#092;CET076_p3q2.txt" TopLine="1" X="1" Y="1"/><ROW File="C:&#092;Users&#092;jcfaria&#092;Dropbox&#092;cursos&#092;R&#092;dados&#092;dbc.txt" TopLine="1" X="1" Y="1"/><ROW File="C:&#092;Users&#092;jcfaria&#092;Dropbox&#092;cursos&#092;R&#092;dados&#092;dic_bal.txt" TopLine="1" X="1" Y="1"/><ROW File="C:&#092;Users&#092;jcfaria&#092;Dropbox&#092;cursos&#092;R&#092;dados&#092;dic_des.txt" TopLine="1" X="1" Y="1"/><ROW File="C:&#092;Users&#092;jcfaria&#092;Dropbox&#092;cursos&#092;R&#092;dados&#092;dql.txt" TopLine="1" X="1" Y="1"/><ROW File="C:&#092;Users&#092;jcfaria&#092;Dropbox&#092;cursos&#092;R&#092;dados&#092;fat1.txt" TopLine="1" X="1" Y="1"/><ROW File="C:&#092;Users&#092;jcfaria&#092;Dropbox&#092;cursos&#092;R&#092;dados&#092;fat2.txt" TopLine="1" X="1" Y="1"/><ROW File="C:&#092;Users&#092;jcfaria&#092;Dropbox&#092;cursos&#092;R&#092;dados&#092;fat3.txt" TopLine="1" X="1" Y="1"/><ROW File="C:&#092;Users&#092;jcfaria&#092;Dropbox&#092;cursos&#092;R&#092;dados&#092;fat4.txt" TopLine="1" X="1" Y="1"/><ROW File="C:&#092;Users&#092;jcfaria&#092;Dropbox&#092;cursos&#092;R&#092;dados&#092;fat5.txt" TopLine="1" X="1" Y="1"/><ROW File="C:&#092;Users&#092;jcfaria&#092;Dropbox&#092;cursos&#092;R&#092;dados&#092;fat6.txt" TopLine="1" X="1" Y="1"/><ROW File="C:&#092;Users&#092;jcfaria&#092;Dropbox&#092;cursos&#092;R&#092;dados&#092;peridon.txt" TopLine="1" X="1" Y="1"/><ROW File="C:&#092;Users&#092;jcfaria&#092;Dropbox&#092;cursos&#092;R&#092;dados&#092;peridon_alt.txt" TopLine="1" X="1" Y="1"/><ROW File="C:&#092;Users&#092;jcfaria&#092;Dropbox&#092;cursos&#092;R&#092;dados&#092;psd.txt" TopLine="1" X="1" Y="1"/><ROW File="C:&#092;Users&#092;jcfaria&#092;Dropbox&#092;cursos&#092;R&#092;dados&#092;semente.txt" TopLine="1" X="1" Y="1"/><ROW File="C:&#092;Users&#092;jcfaria&#092;Dropbox&#092;cursos&#092;R&#092;dados&#092;solo.csv" TopLine="1" X="1" Y="1"/><ROW File="C:&#092;Users&#092;jcfaria&#092;Dropbox&#092;cursos&#092;R&#092;dados&#092;tcmm_bal.txt" TopLine="1" X="1" Y="1"/><ROW File="C:&#092;Users&#092;jcfaria&#092;Dropbox&#092;cursos&#092;R&#092;dados&#092;tcmm_des.txt" TopLine="1" X="1" Y="1"/><ROW File="C:&#092;Users&#092;jcfaria&#092;Dropbox&#092;cursos&#092;R&#092;introducao_basico.R" TopLine="1" X="1" Y="1"/><ROW File="C:&#092;Users&#092;jcfaria&#092;Dropbox&#092;cursos&#092;R&#092;introducao_R.txt" TopLine="1" X="1" Y="1"/><ROW File="C:&#092;Users&#092;jcfaria&#092;Dropbox&#092;cursos&#092;R&#092;witch.R" TopLine="1" X="1" Y="1"/><ROW File="C:&#092;install.ini" TopLine="1" X="1" Y="1"/><ROW File="C:&#092;AVScanner.ini" TopLine="1" X="1" Y="1"/><ROW File="C:&#092;Users&#092;jcfaria&#092;Dropbox&#092;cursos&#092;no_ascii&#092;ascii_libreoffice.txt" TopLine="1" X="1" Y="1"/><ROW File="C:&#092;Users&#092;jcfaria&#092;Dropbox&#092;cursos&#092;no_ascii&#092;no_ascii.doc" TopLine="1" X="1" Y="1"/><ROW File="C:&#092;Users&#092;jcfaria&#092;Dropbox&#092;cursos&#092;no_ascii&#092;no_ascii.odt" TopLine="1" X="30" Y="6"/><ROW File="C:&#092;Users&#092;jcfaria&#092;Dropbox&#092;cursos&#092;R&#092;regressao_linear.R" TopLine="1" X="1" Y="1"/><ROW File="C:&#092;Users&#092;jcfaria&#092;Dropbox&#092;cursos&#092;R&#092;regressao_linear_cet076.R" TopLine="1" X="1" Y="1"/><ROW File="C:&#092;Users&#092;jcfaria&#092;Dropbox&#092;cursos&#092;R&#092;regressao_linear_ploting.R" TopLine="1" X="1" Y="1"/><ROW File="C:&#092;Users&#092;jcfaria&#092;Dropbox&#092;cursos&#092;R&#092;regressao_linear_sem_repe_cet076.R" TopLine="1" X="1" Y="1"/><ROW File="C:&#092;Users&#092;jcfaria&#092;Dropbox&#092;cursos&#092;R&#092;tcmm_sk_deb.R" TopLine="1" X="1" Y="1"/><ROW File="C:&#092;Users&#092;jcfaria&#092;Dropbox&#092;cursos&#092;R&#092;tcmm_sk_fe.R" TopLine="1" X="1" Y="1"/><ROW File="C:&#092;Users&#092;jcfaria&#092;Dropbox&#092;cursos&#092;R&#092;tcmm_sk_psd.R" TopLine="1" X="1" Y="1"/><ROW File="C:&#092;Users&#092;jcfaria&#092;Dropbox&#092;cursos&#092;R&#092;tcmm_all.R" TopLine="1" X="1" Y="1"/><ROW File="C:&#092;Users&#092;jcfaria&#092;Dropbox&#092;cursos&#092;R&#092;tcmm_tukeyc.R" TopLine="1" X="1" Y="1"/><ROW File="C:&#092;Users&#092;jcfaria&#092;Dropbox&#092;R&#092;IR_LEC&#092;ir_01_Recursos graficos.R" TopLine="1" X="1" Y="1"/><ROW File="C:&#092;Users&#092;jcfaria&#092;Dropbox&#092;R&#092;IR_LEC&#092;ir_02_Operadores.R" TopLine="1" X="1" Y="1"/><ROW File="C:&#092;Users&#092;jcfaria&#092;Dropbox&#092;R&#092;IR_LEC&#092;ir_03_Documentacao e ajuda.R" TopLine="1" X="1" Y="1"/><ROW File="C:&#092;Users&#092;jcfaria&#092;Dropbox&#092;R&#092;IR_LEC&#092;ir_04_Gerenciamento de pacotes.R" TopLine="1" X="1" Y="1"/><ROW File="C:&#092;Users&#092;jcfaria&#092;Dropbox&#092;R&#092;IR_LEC&#092;ir_05_Funcoes elementares.R" TopLine="1" X="1" Y="1"/><ROW File="C:&#092;Users&#092;jcfaria&#092;Dropbox&#092;R&#092;IR_LEC&#092;ir_06_Vetores.R" TopLine="1" X="1" Y="1"/><ROW File="C:&#092;Users&#092;jcfaria&#092;Dropbox&#092;R&#092;IR_LEC&#092;ir_07_Matrizes.R" TopLine="1" X="1" Y="1"/><ROW File="C:&#092;Users&#092;jcfaria&#092;Dropbox&#092;R&#092;IR_LEC&#092;ir_08_Arrays.R" TopLine="1" X="1" Y="1"/><ROW File="C:&#092;Users&#092;jcfaria&#092;Dropbox&#092;R&#092;IR_LEC&#092;ir_09_Data frames.R" TopLine="1" X="1" Y="1"/><ROW File="C:&#092;Users&#092;jcfaria&#092;Dropbox&#092;R&#092;IR_LEC&#092;ir_10_Listas.R" TopLine="1" X="1" Y="1"/><ROW File="C:&#092;Users&#092;jcfaria&#092;Dropbox&#092;R&#092;IR_LEC&#092;ir_11_Tabelas.R" TopLine="1" X="1" Y="1"/><ROW File="C:&#092;Users&#092;jcfaria&#092;Dropbox&#092;R&#092;IR_LEC&#092;ir_12_Funcoes muito usadas.R" TopLine="1" X="1" Y="1"/><ROW File="C:&#092;Users&#092;jcfaria&#092;Dropbox&#092;R&#092;IR_LEC&#092;ir_13_Condicionais e loop.R" TopLine="1" X="1" Y="1"/><ROW File="C:&#092;Users&#092;jcfaria&#092;Dropbox&#092;R&#092;IR_LEC&#092;ir_14_Calculo.R" TopLine="1" X="1" Y="1"/><ROW File="C:&#092;Users&#092;jcfaria&#092;Dropbox&#092;R&#092;IR_LEC&#092;ir_15_Graficos.R" TopLine="1" X="1" Y="1"/><ROW File="C:&#092;Users&#092;jcfaria&#092;Dropbox&#092;R&#092;IR_LEC&#092;ir_16_Importacao de dados e exportacao de objetos.R" TopLine="1" X="1" Y="1"/><ROW File="C:&#092;Users&#092;jcfaria&#092;Dropbox&#092;R&#092;IR_LEC&#092;ir_17_Aplicacoes basicas.R" TopLine="1" X="1" Y="1"/><ROW File="C:&#092;Users&#092;jcfaria&#092;Dropbox&#092;R&#092;IR_LEC&#092;01_Recursos graficos.R" Marks="1:31" TopLine="1" X="38" Y="22"/><ROW File="C:&#092;Users&#092;jcfaria&#092;Dropbox&#092;R&#092;IR_LEC&#092;02_Operadores.R" TopLine="1" X="5" Y="25"/><ROW File="C:&#092;Users&#092;jcfaria&#092;Dropbox&#092;R&#092;IR_LEC&#092;03_Documentacao e ajuda.R" TopLine="10" X="1" Y="49"/><ROW File="C:&#092;Users&#092;jcfaria&#092;Dropbox&#092;R&#092;IR_LEC&#092;04_Gerenciamento de pacotes.R" TopLine="1" X="1" Y="8"/><ROW File="C:&#092;Users&#092;jcfaria&#092;Dropbox&#092;R&#092;IR_LEC&#092;05_Funcoes elementares.R" TopLine="1" X="10" Y="89"/><ROW File="C:&#092;Users&#092;jcfaria&#092;Dropbox&#092;R&#092;IR_LEC&#092;06_Vetores.R" TopLine="1" X="1" Y="69"/><ROW File="C:&#092;Users&#092;jcfaria&#092;Dropbox&#092;R&#092;IR_LEC&#092;07_Matrizes.R" TopLine="112" X="1" Y="142"/><ROW File="C:&#092;Users&#092;jcfaria&#092;Dropbox&#092;R&#092;IR_LEC&#092;08_Arrays.R" TopLine="1" X="1" Y="33"/><ROW File="C:&#092;Users&#092;jcfaria&#092;Dropbox&#092;R&#092;IR_LEC&#092;09_Data frames.R" TopLine="76" X="1" Y="115"/><ROW File="C:&#092;Users&#092;jcfaria&#092;Dropbox&#092;R&#092;IR_LEC&#092;10_Listas.R" Marks="1:37" TopLine="25" X="1" Y="64"/><ROW File="C:&#092;Users&#092;jcfaria&#092;Dropbox&#092;R&#092;IR_LEC&#092;11_Tabelas.R" TopLine="1" X="1" Y="15"/><ROW File="C:&#092;Users&#092;jcfaria&#092;Dropbox&#092;R&#092;IR_LEC&#092;12_Funcoes muito usadas.R" TopLine="21" X="1" Y="60"/><ROW File="C:&#092;Users&#092;jcfaria&#092;Dropbox&#092;R&#092;IR_LEC&#092;13_Condicionais e loop.R" Marks="1:80" TopLine="80" X="1" Y="80"/><ROW File="C:&#092;Users&#092;jcfaria&#092;Dropbox&#092;R&#092;IR_LEC&#092;14_Calculo.R" TopLine="1" X="1" Y="5"/><ROW File="C:&#092;Users&#092;jcfaria&#092;Dropbox&#092;R&#092;IR_LEC&#092;15_Graficos.R" TopLine="1" X="1" Y="5"/><ROW File="C:&#092;Users&#092;jcfaria&#092;Dropbox&#092;R&#092;IR_LEC&#092;16_Importacao de dados e exportacao de objetos.R" TopLine="1" X="1" Y="5"/><ROW File="C:&#092;Users&#092;jcfaria&#092;Dropbox&#092;R&#092;IR_LEC&#092;17_Aplicacoes basicas.R" TopLine="1" X="1" Y="5"/><ROW File="C:&#092;Users&#092;jcfaria&#092;AppData&#092;Local&#092;Temp&#092;Tinn-R&#092;subset.R" TopLine="1" X="1" Y="1"/></ROWDATA></DATAPACKET>