<?xml version="1.0" standalone="yes"?>  <DATAPACKET Version="2.0"><METADATA><FIELDS><FIELD attrname="File" fieldtype="string" WIDTH="200"/><FIELD attrname="Marks" fieldtype="bin.hex" SUBTYPE="Text"/><FIELD attrname="TopLine" fieldtype="i4"/><FIELD attrname="X" fieldtype="i4"/><FIELD attrname="Y" fieldtype="i4"/></FIELDS><PARAMS/></METADATA><ROWDATA><ROW File="C:&#092;Users&#092;jcfaria&#092;Documents&#092;GitHub&#092;Tinn-R&#092;sample&#092;Tinn-R_example of script.R" Marks="0:10 1:15" TopLine="1" X="1" Y="10"/><ROW File="C:&#092;Users&#092;jcfaria&#092;Dropbox&#092;cursos&#092;R&#092;dados&#092;bussab_morettin.txt" TopLine="1" X="39" Y="3"/><ROW File="C:&#092;Users&#092;jcfaria&#092;Dropbox&#092;cursos&#092;R&#092;leitura_gravacao_dados.R" TopLine="87" X="1" Y="105"/><ROW File="C:&#092;Users&#092;jcfaria&#092;Dropbox&#092;cursos&#092;R&#092;tmp&#092;iris_alt.txt" TopLine="1" X="9" Y="2"/><ROW File="C:&#092;Users&#092;jcfaria&#092;Dropbox&#092;cursos&#092;R&#092;tmp&#092;BOD.txt" TopLine="1" X="1" Y="1"/><ROW File="C:&#092;Users&#092;jcfaria&#092;Dropbox&#092;cursos&#092;R&#092;tmp&#092;peridon.txt" TopLine="1" X="27" Y="7"/><ROW File="C:&#092;Users&#092;jcfaria&#092;Dropbox&#092;cursos&#092;teste&#092;peridon.txt" TopLine="1" X="46" Y="15"/><ROW File="C:&#092;Users&#092;jcfaria&#092;Dropbox&#092;cursos&#092;R&#092;dados&#092;tg.csv" TopLine="1" X="100" Y="14"/><ROW File="C:&#092;Users&#092;jcfaria&#092;Dropbox&#092;cursos&#092;R&#092;dados&#092;semente.csv" TopLine="1" X="1" Y="1"/><ROW File="C:&#092;Users&#092;jcfaria&#092;Dropbox&#092;cursos&#092;R&#092;dados&#092;msfinal.csv" TopLine="1" X="1" Y="1"/><ROW File="C:&#092;Users&#092;jcfaria&#092;Documents&#092;GitHub&#092;Tinn-R-doc&#092;User_guide.tex" TopLine="1" X="33" Y="8"/><ROW File="C:&#092;Users&#092;jcfaria&#092;Dropbox&#092;cursos&#092;cet083&#092;apresentacao_cp&#092;conteudo_programatico.txt" TopLine="21" X="6" Y="44"/><ROW File="C:&#092;Users&#092;jcfaria&#092;Desktop&#092;Tinn-R_users&#092;Felipe.R" TopLine="1" X="13" Y="10"/><ROW File="C:&#092;Users&#092;jcfaria&#092;Desktop&#092;tmp_1&#092;Untitled1.Rnw" TopLine="1" X="1" Y="1"/><ROW File="C:&#092;Users&#092;jcfaria&#092;Desktop&#092;tmp_1&#092;Untitled1.tex" TopLine="1" X="1" Y="1"/><ROW File="C:&#092;Users&#092;jcfaria&#092;Desktop&#092;tmp_1&#092;Untitled2.Rhtml" TopLine="1" X="1" Y="1"/><ROW File="C:&#092;Users&#092;jcfaria&#092;Desktop&#092;tmp_1&#092;Untitled3.Rmd" TopLine="1" X="1" Y="1"/><ROW File="C:&#092;Users&#092;jcfaria&#092;Desktop&#092;tmp_1&#092;Untitled2.html" TopLine="1" X="1" Y="1"/><ROW File="C:&#092;Users&#092;jcfaria&#092;Desktop&#092;tmp_1&#092;Untitled3.md" TopLine="1" X="1" Y="1"/><ROW File="C:&#092;Users&#092;jcfaria&#092;Desktop&#092;tmp_1&#092;Untitled3.html" TopLine="1" X="52" Y="9"/><ROW File="C:&#092;Users&#092;jcfaria&#092;Desktop&#092;tmp_1&#092;Untitled4.Rmd" TopLine="1" X="35" Y="15"/><ROW File="C:&#092;Users&#092;jcfaria&#092;Desktop&#092;tmp_1&#092;Untitled4.md" TopLine="1" X="1" Y="1"/><ROW File="C:&#092;Users&#092;jcfaria&#092;Desktop&#092;tmp_1&#092;Untitled4.html" TopLine="1" X="20" Y="14"/><ROW File="C:&#092;Users&#092;jcfaria&#092;Dropbox&#092;cursos&#092;R&#092;tmp&#092;Untitled1.Rnw" TopLine="26" X="1" Y="26"/><ROW File="C:&#092;Users&#092;jcfaria&#092;Dropbox&#092;cursos&#092;R&#092;tmp&#092;Untitled1.tex" TopLine="1" X="1" Y="1"/><ROW File="C:&#092;Users&#092;jcfaria&#092;Dropbox&#092;ae&#092;057.jose_raimundo&#092;2_scripts&#092;rel.Rnw" TopLine="93" X="19" Y="111"/><ROW File="C:&#092;Users&#092;jcfaria&#092;Dropbox&#092;ae&#092;057.jose_raimundo&#092;2_scripts&#092;sub&#092;dados.Rnw" TopLine="190" X="1" Y="1"/><ROW File="C:&#092;Users&#092;jcfaria&#092;Dropbox&#092;ae&#092;057.jose_raimundo&#092;2_scripts&#092;sub&#092;Untitled2.Rhtml" TopLine="1" X="64" Y="13"/><ROW File="C:&#092;Users&#092;jcfaria&#092;Dropbox&#092;ae&#092;057.jose_raimundo&#092;2_scripts&#092;sub&#092;Untitled3.Rmd" TopLine="1" X="1" Y="22"/><ROW File="C:&#092;Users&#092;jcfaria&#092;Dropbox&#092;ae&#092;057.jose_raimundo&#092;2_scripts&#092;sub&#092;Untitled3" TopLine="1" X="37" Y="16"/><ROW File="C:&#092;Users&#092;jcfaria&#092;Dropbox&#092;ae&#092;057.jose_raimundo&#092;2_scripts&#092;sub&#092;Untitled2.html" TopLine="1" X="1" Y="1"/><ROW File="C:&#092;Users&#092;jcfaria&#092;Dropbox&#092;ae&#092;057.jose_raimundo&#092;2_scripts&#092;sub&#092;Untitled3.html" TopLine="1" X="1" Y="1"/><ROW File="C:&#092;Users&#092;jcfaria&#092;Dropbox&#092;uesc_cis&#092;tex&#092;ci_w.tex" TopLine="174" X="70" Y="183"/><ROW File="C:&#092;Users&#092;jcfaria&#092;Dropbox&#092;uesc_cis&#092;tex&#092;modelos&#092;nbcgib_cran_https.tex" TopLine="1" X="95" Y="12"/><ROW File="C:&#092;Users&#092;jcfaria&#092;Dropbox&#092;cursos&#092;cet631&#092;apresentacao_cp&#092;conteudo_programatico.txt" TopLine="17" X="53" Y="20"/><ROW File="C:&#092;Users&#092;jcfaria&#092;Documents&#092;GitHub&#092;Tinn-R&#092;editor_keystrokes.txt" TopLine="1" X="71" Y="32"/><ROW File="C:&#092;Users&#092;jcfaria&#092;Dropbox&#092;cursos&#092;cet076&#092;provas&#092;2019_I&#092;CET076-2-conceitual_m1_hibrida.tex" TopLine="1" X="1" Y="1"/><ROW File="C:&#092;Users&#092;jcfaria&#092;Dropbox&#092;cursos&#092;UESC_CET076.tps" TopLine="37" X="73" Y="65"/><ROW File="C:&#092;Users&#092;jcfaria&#092;Dropbox&#092;cursos&#092;cet076&#092;provas&#092;2019_II&#092;CET076-2-conceitual_m1_hibrida.tex" TopLine="52" X="45" Y="74"/><ROW File="C:&#092;Users&#092;jcfaria&#092;Dropbox&#092;cursos&#092;CET076.tps" TopLine="1" X="1" Y="1"/><ROW File="C:&#092;Users&#092;jcfaria&#092;Dropbox&#092;cursos&#092;cet076&#092;provas&#092;2019_II&#092;alunos.R" TopLine="1" X="1" Y="4"/><ROW File="C:&#092;Users&#092;jcfaria&#092;Dropbox&#092;cursos&#092;cet076&#092;provas&#092;2019_II&#092;alunos.txt" TopLine="1" X="1" Y="1"/><ROW File="C:&#092;Users&#092;jcfaria&#092;Dropbox&#092;cursos&#092;cet076&#092;provas&#092;2019_II&#092;alunos_final.R" TopLine="1" X="1" Y="1"/><ROW File="C:&#092;Users&#092;jcfaria&#092;Dropbox&#092;cursos&#092;cet076&#092;provas&#092;2019_II&#092;dados&#092;alunos.txt" TopLine="1" X="1" Y="1"/><ROW File="C:&#092;Users&#092;jcfaria&#092;Dropbox&#092;cursos&#092;cet076&#092;provas&#092;2019_II&#092;CET076-2-pratica.Rnw" Marks="1:216" TopLine="22" X="1" Y="40"/><ROW File="C:&#092;Users&#092;jcfaria&#092;Dropbox&#092;cursos&#092;cet076&#092;provas&#092;2019_II&#092;CET076-2-pratica.tex" TopLine="1" X="1" Y="16"/><ROW File="C:&#092;Users&#092;jcfaria&#092;Dropbox&#092;cursos&#092;cet076&#092;provas&#092;2019_II&#092;dados&#092;alunos_ficticio.txt" TopLine="1" X="6" Y="2"/><ROW File="C:&#092;Users&#092;jcfaria&#092;Dropbox&#092;cursos&#092;cet076&#092;provas&#092;2019_II&#092;CET076-2-pratica_cor.Rnw" TopLine="19" X="36" Y="33"/><ROW File="C:&#092;Users&#092;jcfaria&#092;Dropbox&#092;cursos&#092;cet076&#092;provas&#092;2019_II&#092;CET076-2-pratica_cor.tex" TopLine="1" X="37" Y="15"/><ROW File="C:&#092;Users&#092;jcfaria&#092;Dropbox&#092;cursos&#092;cet076&#092;provas&#092;2019_II&#092;enviadas_referencia&#092;prova_2&#092;ref&#092;CET076_p2q1.txt" TopLine="1" X="1" Y="1"/><ROW File="C:&#092;Users&#092;jcfaria&#092;Dropbox&#092;cursos&#092;cet076&#092;provas&#092;2019_II&#092;enviadas_referencia&#092;prova_2&#092;ref&#092;CET076_p2q2.txt" TopLine="1" X="1" Y="1"/><ROW File="C:&#092;Users&#092;jcfaria&#092;Dropbox&#092;cursos&#092;cet076&#092;provas&#092;2019_II&#092;enviadas_referencia&#092;prova_2&#092;ref&#092;CET076_p2q3.txt" TopLine="1" X="1" Y="1"/><ROW File="C:&#092;Users&#092;jcfaria&#092;Downloads&#092;prova_2&#092;CET076_p2q1.txt" TopLine="1" X="1" Y="1"/><ROW File="C:&#092;Users&#092;jcfaria&#092;Downloads&#092;prova_2&#092;CET076_p2q2.txt" TopLine="1" X="1" Y="1"/><ROW File="C:&#092;Users&#092;jcfaria&#092;Downloads&#092;prova_2&#092;CET076_p2q3.txt" TopLine="1" X="1" Y="1"/><ROW File="C:&#092;Users&#092;jcfaria&#092;Desktop&#092;J.R.Guzzo.txt" TopLine="1" X="1" Y="1"/><ROW File="C:&#092;Users&#092;jcfaria&#092;Documents&#092;GitHub&#092;Tinn-R&#092;Editor_full.xml" TopLine="1" X="66" Y="38"/><ROW File="C:&#092;Users&#092;jcfaria&#092;Documents&#092;GitHub&#092;Tinn-R&#092;data&#092;editor_tmp_xml.txt" TopLine="1" X="1" Y="1"/><ROW File="C:&#092;Users&#092;jcfaria&#092;Documents&#092;GitHub&#092;Tinn-R&#092;data&#092;editor_tmp.xml" TopLine="1" X="6" Y="1"/><ROW File="C:&#092;Users&#092;jcfaria&#092;Documents&#092;GitHub&#092;Tinn-R&#092;data&#092;Editor.xml" TopLine="1" X="1" Y="98"/><ROW File="C:&#092;Users&#092;jcfaria&#092;AppData&#092;Roaming&#092;Tinn-R&#092;data&#092;Editor.xml" TopLine="1" X="470" Y="1"/><ROW File="C:&#092;Users&#092;jcfaria&#092;Dropbox&#092;cursos&#092;R&#092;introducao_essencial.R" TopLine="1" X="26" Y="15"/><ROW File="C:&#092;Users&#092;jcfaria&#092;AppData&#092;Local&#092;Temp&#092;Tinn-R&#092;leitura_gravacao_dados[20_23_29].R" TopLine="1" X="1" Y="1"/><ROW File="C:&#092;Users&#092;jcfaria&#092;Dropbox&#092;ae&#092;057.jose_raimundo&#092;1_dados&#092;dados.txt" TopLine="1" X="19" Y="14"/><ROW File="C:&#092;Users&#092;jcfaria&#092;Documents&#092;GitHub&#092;Tinn-R-doc&#092;sub&#092;five_application_options.tex" TopLine="27" X="1" Y="63"/><ROW File="C:&#092;Users&#092;jcfaria&#092;Documents&#092;GitHub&#092;Tinn-R-doc&#092;sub&#092;three_application_options.tex" Marks="1:208" TopLine="82" X="1" Y="88"/><ROW File="C:&#092;Users&#092;jcfaria&#092;Documents&#092;GitHub&#092;Tinn-R-doc&#092;sub&#092;three_hotkeys.tex" TopLine="1" X="39" Y="14"/><ROW File="C:&#092;Users&#092;jcfaria&#092;Documents&#092;GitHub&#092;Tinn-R-doc&#092;sub&#092;two_faq.tex" TopLine="367" X="1" Y="375"/><ROW File="C:&#092;Users&#092;jcfaria&#092;Documents&#092;GitHub&#092;Tinn-R-doc&#092;sub&#092;five_after_installation.tex" TopLine="53" X="1" Y="66"/><ROW File="C:&#092;Users&#092;jcfaria&#092;Documents&#092;GitHub&#092;Tinn-R-doc&#092;eBook.tex" TopLine="1" X="1" Y="1"/><ROW File="C:&#092;Users&#092;jcfaria&#092;Documents&#092;GitHub&#092;Tinn-R-doc&#092;sub&#092;WhatIsNew_2019.tex" TopLine="7" X="1" Y="32"/><ROW File="C:&#092;Users&#092;jcfaria&#092;Desktop&#092;Tinn-R_users&#092;Tinn_TODO.txt" TopLine="1" X="22" Y="5"/><ROW File="C:&#092;Users&#092;jcfaria&#092;Dropbox&#092;cursos&#092;R&#092;cov_cor.R" TopLine="1" X="1" Y="1"/><ROW File="C:&#092;Users&#092;jcfaria&#092;Dropbox&#092;cursos&#092;R&#092;apresentacoes_graficas_tabulares.R" TopLine="1" X="1" Y="1"/><ROW File="C:&#092;Users&#092;jcfaria&#092;Dropbox&#092;cursos&#092;R&#092;amostragem.R" TopLine="1" X="1" Y="1"/><ROW File="C:&#092;Users&#092;jcfaria&#092;Dropbox&#092;cursos&#092;R&#092;dql.R" TopLine="102" X="1" Y="133"/><ROW File="C:&#092;Users&#092;jcfaria&#092;Dropbox&#092;cursos&#092;R&#092;dbc.R" TopLine="65" X="1" Y="102"/><ROW File="C:&#092;Users&#092;jcfaria&#092;Dropbox&#092;cursos&#092;R&#092;dic.R" TopLine="51" X="1" Y="82"/><ROW File="C:&#092;Users&#092;jcfaria&#092;Dropbox&#092;cursos&#092;seminarios&#092;01_bas_na&#092;na_1&#092;R&#092;aas.R" TopLine="1" X="15" Y="23"/><ROW File="C:&#092;Users&#092;jcfaria&#092;Dropbox&#092;cursos&#092;seminarios&#092;01_bas_na&#092;na_1&#092;R&#092;ae.R" TopLine="1" X="9" Y="32"/><ROW File="C:&#092;Users&#092;jcfaria&#092;Dropbox&#092;cursos&#092;seminarios&#092;01_bas_na&#092;na_1&#092;R&#092;as.R" TopLine="1" X="7" Y="21"/><ROW File="C:&#092;Users&#092;jcfaria&#092;Dropbox&#092;cursos&#092;seminarios&#092;01_bas_na&#092;na_2&#092;R&#092;na_2.R" TopLine="70" X="1" Y="1"/><ROW File="C:&#092;Users&#092;jcfaria&#092;Dropbox&#092;cursos&#092;seminarios&#092;01_bas_na&#092;na_2&#092;R&#092;amostragem.R" TopLine="116" X="1" Y="1"/><ROW File="C:&#092;Users&#092;jcfaria&#092;Documents&#092;GitHub&#092;Tinn-R&#092;source&#092;Tinn-R&#092;trCodeSender.pas" TopLine="37" X="87" Y="78"/><ROW File="C:&#092;Users&#092;jcfaria&#092;Documents&#092;GitHub&#092;Tinn-R&#092;source&#092;Tinn-R&#092;trSynUtils.pas" TopLine="49" X="28" Y="65"/><ROW File="C:&#092;Users&#092;jcfaria&#092;Documents&#092;GitHub&#092;Tinn-R&#092;source&#092;Tinn-R&#092;trUtils.pas" TopLine="117" X="94" Y="120"/><ROW File="C:&#092;Users&#092;jcfaria&#092;Documents&#092;GitHub&#092;Tinn-R&#092;source&#092;Tinn-R&#092;udmSyn.pas" TopLine="776" X="32" Y="813"/><ROW File="C:&#092;Users&#092;jcfaria&#092;Documents&#092;GitHub&#092;Tinn-R&#092;source&#092;Tinn-R&#092;trRHistory.pas" TopLine="61" X="1" Y="84"/><ROW File="C:&#092;Users&#092;jcfaria&#092;Documents&#092;GitHub&#092;Tinn-R&#092;source&#092;Tinn-R&#092;ufrmAbout.pas" TopLine="121" X="1" Y="1"/><ROW File="C:&#092;Users&#092;jcfaria&#092;Documents&#092;GitHub&#092;Tinn-R&#092;source&#092;Tinn-R&#092;ufrmAppOptions.pas" TopLine="533" X="1" Y="564"/><ROW File="C:&#092;Users&#092;jcfaria&#092;Documents&#092;GitHub&#092;Tinn-R&#092;source&#092;Tinn-R&#092;ufrmColors.pas" TopLine="106" X="1" Y="126"/><ROW File="C:&#092;Users&#092;jcfaria&#092;Documents&#092;GitHub&#092;Tinn-R&#092;source&#092;Tinn-R&#092;ufrmEditor.pas" TopLine="145" X="5" Y="178"/><ROW File="C:&#092;Users&#092;jcfaria&#092;Documents&#092;GitHub&#092;Tinn-R&#092;source&#092;Tinn-R&#092;ufrmMain.pas" TopLine="3005" X="46" Y="3024"/><ROW File="C:&#092;Users&#092;jcfaria&#092;Documents&#092;GitHub&#092;Tinn-R&#092;source&#092;Tinn-R&#092;uModDados.pas" TopLine="154" X="1" Y="178"/><ROW File="C:&#092;Users&#092;jcfaria&#092;Documents&#092;GitHub&#092;Tinn-R&#092;source&#092;Tinn-R&#092;ufrmTools.pas" TopLine="596" X="5" Y="627"/><ROW File="C:&#092;Users&#092;jcfaria&#092;Documents&#092;GitHub&#092;Tinn-R&#092;source&#092;Tinn-R&#092;ufrmSKH_map.pas" TopLine="159" X="5" Y="190"/><ROW File="C:&#092;Users&#092;jcfaria&#092;Documents&#092;GitHub&#092;Tinn-R&#092;source&#092;Tinn-R&#092;ufrmSKH_Manager.pas" TopLine="33" X="5" Y="64"/><ROW File="C:&#092;Users&#092;jcfaria&#092;Documents&#092;GitHub&#092;Tinn-R&#092;source&#092;Tinn-R&#092;ufrmRterm.pas" TopLine="170" X="1" Y="201"/><ROW File="C:&#092;Users&#092;jcfaria&#092;Documents&#092;GitHub&#092;Tinn-R&#092;source&#092;Tinn-R&#092;ufrmRmirrors.pas" TopLine="82" X="1" Y="1"/><ROW File="C:&#092;Users&#092;jcfaria&#092;Documents&#092;GitHub&#092;Tinn-R&#092;source&#092;Tinn-R&#092;ufrmCompletion.pas" TopLine="88" X="1" Y="1"/><ROW File="C:&#092;Users&#092;jcfaria&#092;Documents&#092;GitHub&#092;Tinn-R&#092;source&#092;Tinn-R&#092;ufrmComments.pas" TopLine="76" X="1" Y="1"/><ROW File="C:&#092;Users&#092;jcfaria&#092;Dropbox&#092;cursos&#092;seminarios&#092;11_exp_dql&#092;dql&#092;R&#092;dql.R" TopLine="51" X="1" Y="59"/><ROW File="C:&#092;Users&#092;jcfaria&#092;Dropbox&#092;cursos&#092;seminarios&#092;11_exp_dql&#092;dql&#092;R&#092;dql.txt" TopLine="1" X="10" Y="24"/><ROW File="C:&#092;Users&#092;jcfaria&#092;Dropbox&#092;cursos&#092;R&#092;gexp_prova_dic_dbc_dql.R" TopLine="1" X="1" Y="1"/><ROW File="C:&#092;Users&#092;jcfaria&#092;Dropbox&#092;cursos&#092;R&#092;gexp_quali_dexp_bas.R" TopLine="25" X="1" Y="38"/><ROW File="C:&#092;Users&#092;jcfaria&#092;Dropbox&#092;cursos&#092;R&#092;gexp_quant_dexp_bas.R" TopLine="157" X="1" Y="185"/><ROW File="C:&#092;Users&#092;jcfaria&#092;Dropbox&#092;cursos&#092;R&#092;gexp_quali_fe.R" TopLine="274" X="1" Y="299"/><ROW File="C:&#092;Users&#092;jcfaria&#092;Dropbox&#092;cursos&#092;R&#092;gexp_quali_psd.R" TopLine="296" X="1" Y="312"/><ROW File="C:&#092;Users&#092;jcfaria&#092;Dropbox&#092;cursos&#092;R&#092;gexp_quant_psd.R" TopLine="318" X="1" Y="330"/><ROW File="C:&#092;Users&#092;jcfaria&#092;Dropbox&#092;cursos&#092;R&#092;reg_shiny&#092;shiny&#092;leia_me.txt" TopLine="1" X="1" Y="1"/><ROW File="C:&#092;Users&#092;jcfaria&#092;Dropbox&#092;cursos&#092;R&#092;reg_shiny&#092;shiny&#092;server.R" TopLine="1" X="18" Y="14"/><ROW File="C:&#092;Users&#092;jcfaria&#092;Dropbox&#092;cursos&#092;R&#092;reg_shiny&#092;shiny&#092;sr.R" TopLine="1" X="1" Y="1"/><ROW File="C:&#092;Users&#092;jcfaria&#092;Dropbox&#092;cursos&#092;R&#092;reg_shiny&#092;shiny&#092;ui.R" TopLine="1" X="25" Y="14"/><ROW File="C:&#092;Users&#092;jcfaria&#092;Dropbox&#092;cursos&#092;R&#092;contrastes.R" TopLine="1" X="1" Y="1"/><ROW File="C:&#092;Users&#092;jcfaria&#092;Dropbox&#092;cursos&#092;cet076&#092;apresentacao_cp&#092;apresentacao_disciplina.txt" TopLine="1" X="1" Y="1"/><ROW File="C:&#092;Users&#092;jcfaria&#092;Dropbox&#092;cursos&#092;R&#092;dist_chisq_origem.R" TopLine="1" X="1" Y="1"/><ROW File="C:&#092;Users&#092;jcfaria&#092;Dropbox&#092;cursos&#092;R&#092;dist_f_varias.R" TopLine="1" X="1" Y="1"/><ROW File="C:&#092;Users&#092;jcfaria&#092;Dropbox&#092;cursos&#092;R&#092;psd_steel_torrie_1980.R" TopLine="1" X="1" Y="1"/><ROW File="C:&#092;Users&#092;jcfaria&#092;Dropbox&#092;cursos&#092;seminarios&#092;02_bas_aed&#092;01_aed_atg&#092;aed_atg_1&#092;R&#092;atg_graficos.R" TopLine="114" X="1" Y="138"/><ROW File="C:&#092;Users&#092;jcfaria&#092;AppData&#092;Local&#092;Temp&#092;Tinn-R&#092;fdt_cat.R" TopLine="25" X="2" Y="31"/><ROW File="C:&#092;Users&#092;jcfaria&#092;Dropbox&#092;cursos&#092;seminarios&#092;02_bas_aed&#092;01_aed_atg&#092;aed_atg_1&#092;R&#092;boxplot_anatomia.R" TopLine="1" X="10" Y="10"/><ROW File="C:&#092;Users&#092;jcfaria&#092;Documents&#092;GitHub&#092;Tinn-R-doc&#092;sub&#092;three_databases.tex" Marks="1:47 2:80" TopLine="115" X="8" Y="141"/><ROW File="C:&#092;Users&#092;jcfaria&#092;Documents&#092;GitHub&#092;Tinn-R-doc&#092;sub&#092;three_tools.tex" TopLine="297" X="70" Y="320"/><ROW File="C:&#092;Users&#092;jcfaria&#092;Documents&#092;GitHub&#092;Tinn-R-doc&#092;sub&#092;WhatIsNew_2006.tex" TopLine="11" X="24" Y="20"/><ROW File="C:&#092;Users&#092;jcfaria&#092;Documents&#092;GitHub&#092;Tinn-R-doc&#092;sub&#092;WhatIsNew_2008.tex" TopLine="235" X="31" Y="235"/><ROW File="C:&#092;Users&#092;jcfaria&#092;Documents&#092;GitHub&#092;Tinn-R-doc&#092;User_guide.log" TopLine="3419" X="29" Y="3434"/><ROW File="C:&#092;Users&#092;jcfaria&#092;Documents&#092;GitHub&#092;Tinn-R&#092;doc&#092;Tinn-R_recognized words.R" TopLine="1" X="1" Y="1"/><ROW File="C:&#092;Users&#092;jcfaria&#092;Documents&#092;GitHub&#092;Tinn-R-doc&#092;sub&#092;three_projects.tex" TopLine="1" X="18" Y="20"/><ROW File="C:&#092;Users&#092;jcfaria&#092;Dropbox&#092;cursos&#092;cet631&#092;apresentacao_cp&#092;apresentacao_disciplina.txt" TopLine="1" X="69" Y="22"/><ROW File="C:&#092;Users&#092;jcfaria&#092;Documents&#092;GitHub&#092;Tinn-R-doc&#092;sub&#092;two_shortcuts.tex" Marks="1:763" TopLine="1" X="52" Y="6"/><ROW File="C:&#092;Users&#092;jcfaria&#092;Documents&#092;GitHub&#092;Tinn-R-doc&#092;sub&#092;oneOverview.tex" TopLine="94" X="1" Y="94"/><ROW File="C:&#092;Users&#092;jcfaria&#092;Documents&#092;GitHub&#092;Tinn-R-doc&#092;sty&#092;EditusColors.sty" TopLine="1" X="1" Y="1"/><ROW File="C:&#092;Users&#092;jcfaria&#092;Documents&#092;GitHub&#092;Tinn-R-doc&#092;sty&#092;EditusFonts.sty" TopLine="1" X="1" Y="1"/><ROW File="C:&#092;Users&#092;jcfaria&#092;Documents&#092;GitHub&#092;Tinn-R-doc&#092;sty&#092;EditusHyperref.sty" TopLine="1" X="1" Y="1"/><ROW File="C:&#092;Users&#092;jcfaria&#092;Documents&#092;GitHub&#092;Tinn-R-doc&#092;sty&#092;EditusMemoir.sty" TopLine="1" X="1" Y="1"/><ROW File="C:&#092;Users&#092;jcfaria&#092;Documents&#092;GitHub&#092;Tinn-R-doc&#092;sty&#092;EditusPackages.sty" TopLine="1" X="1" Y="1"/><ROW File="C:&#092;Users&#092;jcfaria&#092;Documents&#092;GitHub&#092;Tinn-R-doc&#092;sty&#092;EditusSweave.sty" TopLine="1" X="1" Y="1"/><ROW File="C:&#092;Users&#092;jcfaria&#092;Documents&#092;GitHub&#092;Tinn-R-doc&#092;sub_ug&#092;aaaDedication.tex" TopLine="1" X="1" Y="1"/><ROW File="C:&#092;Users&#092;jcfaria&#092;Documents&#092;GitHub&#092;Tinn-R-doc&#092;sub_ug&#092;aaaFrontCover.tex" TopLine="1" X="1" Y="1"/><ROW File="C:&#092;Users&#092;jcfaria&#092;Documents&#092;GitHub&#092;Tinn-R-doc&#092;sub_ug&#092;aaaTitle.tex" TopLine="1" X="1" Y="1"/><ROW File="C:&#092;Users&#092;jcfaria&#092;Documents&#092;GitHub&#092;Tinn-R-doc&#092;sub_ug&#092;zzzBackCover.tex" TopLine="1" X="1" Y="1"/><ROW File="C:&#092;Users&#092;jcfaria&#092;Documents&#092;GitHub&#092;Tinn-R-doc&#092;sub&#092;aaaBookSeries.tex" TopLine="1" X="1" Y="1"/><ROW File="C:&#092;Users&#092;jcfaria&#092;Documents&#092;GitHub&#092;Tinn-R-doc&#092;sub&#092;aaaCopyright.tex" TopLine="1" X="1" Y="1"/><ROW File="C:&#092;Users&#092;jcfaria&#092;Documents&#092;GitHub&#092;Tinn-R-doc&#092;sub&#092;aaaCredits.tex" TopLine="1" X="1" Y="1"/><ROW File="C:&#092;Users&#092;jcfaria&#092;Documents&#092;GitHub&#092;Tinn-R-doc&#092;sub&#092;aaaDedication.tex" TopLine="1" X="1" Y="1"/><ROW File="C:&#092;Users&#092;jcfaria&#092;Documents&#092;GitHub&#092;Tinn-R-doc&#092;sub&#092;aaaFrontCover.tex" TopLine="1" X="1" Y="1"/><ROW File="C:&#092;Users&#092;jcfaria&#092;Documents&#092;GitHub&#092;Tinn-R-doc&#092;sub&#092;aaaListOfFigures.tex" TopLine="1" X="1" Y="1"/><ROW File="C:&#092;Users&#092;jcfaria&#092;Documents&#092;GitHub&#092;Tinn-R-doc&#092;sub&#092;aaaListOfTables.tex" TopLine="1" X="1" Y="1"/><ROW File="C:&#092;Users&#092;jcfaria&#092;Documents&#092;GitHub&#092;Tinn-R-doc&#092;sub&#092;aaaPreface.tex" TopLine="1" X="1" Y="1"/><ROW File="C:&#092;Users&#092;jcfaria&#092;Documents&#092;GitHub&#092;Tinn-R-doc&#092;sub&#092;aaaTableOfContents.tex" TopLine="1" X="1" Y="1"/><ROW File="C:&#092;Users&#092;jcfaria&#092;Documents&#092;GitHub&#092;Tinn-R-doc&#092;sub&#092;a_twoBasics.tex" TopLine="1" X="1" Y="1"/><ROW File="C:&#092;Users&#092;jcfaria&#092;Documents&#092;GitHub&#092;Tinn-R-doc&#092;sub&#092;two_configuration.tex" TopLine="1" X="1" Y="1"/><ROW File="C:&#092;Users&#092;jcfaria&#092;Documents&#092;GitHub&#092;Tinn-R-doc&#092;sub&#092;a_threeWorkingWith.tex" TopLine="1" X="1" Y="1"/><ROW File="C:&#092;Users&#092;jcfaria&#092;Documents&#092;GitHub&#092;Tinn-R-doc&#092;sub&#092;three_filetabs.tex" TopLine="1" X="1" Y="1"/><ROW File="C:&#092;Users&#092;jcfaria&#092;Documents&#092;GitHub&#092;Tinn-R-doc&#092;sub&#092;three_find_replace.tex" TopLine="1" X="1" Y="1"/><ROW File="C:&#092;Users&#092;jcfaria&#092;Documents&#092;GitHub&#092;Tinn-R-doc&#092;sub&#092;three_highlighters.tex" TopLine="1" X="1" Y="1"/><ROW File="C:&#092;Users&#092;jcfaria&#092;Documents&#092;GitHub&#092;Tinn-R-doc&#092;sub&#092;three_marks.tex" TopLine="1" X="1" Y="1"/><ROW File="C:&#092;Users&#092;jcfaria&#092;Documents&#092;GitHub&#092;Tinn-R-doc&#092;sub&#092;three_regular_expressions.tex" TopLine="1" X="1" Y="1"/><ROW File="C:&#092;Users&#092;jcfaria&#092;Documents&#092;GitHub&#092;Tinn-R-doc&#092;sub&#092;three_Rterm.tex" TopLine="1" X="1" Y="1"/><ROW File="C:&#092;Users&#092;jcfaria&#092;Documents&#092;GitHub&#092;Tinn-R-doc&#092;sub&#092;three_search_in_files.tex" TopLine="1" X="1" Y="1"/><ROW File="C:&#092;Users&#092;jcfaria&#092;Documents&#092;GitHub&#092;Tinn-R-doc&#092;sub&#092;three_selection_mode.tex" TopLine="1" X="1" Y="1"/><ROW File="C:&#092;Users&#092;jcfaria&#092;Documents&#092;GitHub&#092;Tinn-R-doc&#092;sub&#092;three_shortcuts.tex" TopLine="1" X="1" Y="1"/><ROW File="C:&#092;Users&#092;jcfaria&#092;Documents&#092;GitHub&#092;Tinn-R-doc&#092;sub&#092;three_toolsbar.tex" TopLine="1" X="1" Y="1"/><ROW File="C:&#092;Users&#092;jcfaria&#092;Documents&#092;GitHub&#092;Tinn-R-doc&#092;sub&#092;a_fourMenuDescription.tex" TopLine="1" X="1" Y="1"/><ROW File="C:&#092;Users&#092;jcfaria&#092;Documents&#092;GitHub&#092;Tinn-R-doc&#092;sub&#092;four_edit.tex" TopLine="1" X="1" Y="1"/><ROW File="C:&#092;Users&#092;jcfaria&#092;Documents&#092;GitHub&#092;Tinn-R-doc&#092;sub&#092;four_file.tex" TopLine="1" X="1" Y="1"/><ROW File="C:&#092;Users&#092;jcfaria&#092;Documents&#092;GitHub&#092;Tinn-R-doc&#092;sub&#092;four_format.tex" TopLine="1" X="1" Y="1"/><ROW File="C:&#092;Users&#092;jcfaria&#092;Documents&#092;GitHub&#092;Tinn-R-doc&#092;sub&#092;four_help.tex" TopLine="1" X="1" Y="1"/><ROW File="C:&#092;Users&#092;jcfaria&#092;Documents&#092;GitHub&#092;Tinn-R-doc&#092;sub&#092;four_insert.tex" TopLine="1" X="1" Y="1"/><ROW File="C:&#092;Users&#092;jcfaria&#092;Documents&#092;GitHub&#092;Tinn-R-doc&#092;sub&#092;four_marks.tex" TopLine="1" X="1" Y="1"/><ROW File="C:&#092;Users&#092;jcfaria&#092;Documents&#092;GitHub&#092;Tinn-R-doc&#092;sub&#092;four_options.tex" TopLine="1" X="1" Y="1"/><ROW File="C:&#092;Users&#092;jcfaria&#092;Documents&#092;GitHub&#092;Tinn-R-doc&#092;sub&#092;four_project.tex" TopLine="1" X="1" Y="1"/><ROW File="C:&#092;Users&#092;jcfaria&#092;Documents&#092;GitHub&#092;Tinn-R-doc&#092;sub&#092;four_r.tex" TopLine="313" X="1" Y="323"/><ROW File="C:&#092;Users&#092;jcfaria&#092;Documents&#092;GitHub&#092;Tinn-R-doc&#092;sub&#092;four_search.tex" TopLine="1" X="1" Y="1"/><ROW File="C:&#092;Users&#092;jcfaria&#092;Documents&#092;GitHub&#092;Tinn-R-doc&#092;sub&#092;four_tools.tex" TopLine="1" X="1" Y="1"/><ROW File="C:&#092;Users&#092;jcfaria&#092;Documents&#092;GitHub&#092;Tinn-R-doc&#092;sub&#092;four_view.tex" TopLine="1" X="1" Y="1"/><ROW File="C:&#092;Users&#092;jcfaria&#092;Documents&#092;GitHub&#092;Tinn-R-doc&#092;sub&#092;four_web.tex" TopLine="1" X="1" Y="1"/><ROW File="C:&#092;Users&#092;jcfaria&#092;Documents&#092;GitHub&#092;Tinn-R-doc&#092;sub&#092;four_window.tex" TopLine="1" X="1" Y="1"/><ROW File="C:&#092;Users&#092;jcfaria&#092;Documents&#092;GitHub&#092;Tinn-R-doc&#092;sub&#092;a_fiveSecrets.tex" TopLine="1" X="1" Y="1"/><ROW File="C:&#092;Users&#092;jcfaria&#092;Documents&#092;GitHub&#092;Tinn-R-doc&#092;sub&#092;five_bars.tex" TopLine="1" X="1" Y="1"/><ROW File="C:&#092;Users&#092;jcfaria&#092;Documents&#092;GitHub&#092;Tinn-R-doc&#092;sub&#092;five_editor_howto.tex" TopLine="1" X="1" Y="1"/><ROW File="C:&#092;Users&#092;jcfaria&#092;Documents&#092;GitHub&#092;Tinn-R-doc&#092;sub&#092;five_highlighters.tex" TopLine="1" X="1" Y="1"/><ROW File="C:&#092;Users&#092;jcfaria&#092;Documents&#092;GitHub&#092;Tinn-R-doc&#092;sub&#092;five_introduction.tex" TopLine="1" X="1" Y="1"/><ROW File="C:&#092;Users&#092;jcfaria&#092;Documents&#092;GitHub&#092;Tinn-R-doc&#092;sub&#092;five_panicking.tex" TopLine="1" X="1" Y="1"/><ROW File="C:&#092;Users&#092;jcfaria&#092;Documents&#092;GitHub&#092;Tinn-R-doc&#092;sub&#092;five_spell.tex" TopLine="1" X="1" Y="1"/><ROW File="C:&#092;Users&#092;jcfaria&#092;Documents&#092;GitHub&#092;Tinn-R-doc&#092;sub&#092;five_split.tex" TopLine="1" X="1" Y="1"/><ROW File="C:&#092;Users&#092;jcfaria&#092;Documents&#092;GitHub&#092;Tinn-R-doc&#092;sub&#092;five_tools.tex" TopLine="1" X="1" Y="1"/><ROW File="C:&#092;Users&#092;jcfaria&#092;Documents&#092;GitHub&#092;Tinn-R-doc&#092;sub&#092;five_visibility.tex" TopLine="1" X="1" Y="1"/><ROW File="C:&#092;Users&#092;jcfaria&#092;Documents&#092;GitHub&#092;Tinn-R-doc&#092;sub&#092;a_WhatIsNew.tex" TopLine="1" X="1" Y="1"/><ROW File="C:&#092;Users&#092;jcfaria&#092;Documents&#092;GitHub&#092;Tinn-R-doc&#092;sub&#092;WhatIsNew_2004.tex" TopLine="1" X="1" Y="1"/><ROW File="C:&#092;Users&#092;jcfaria&#092;Documents&#092;GitHub&#092;Tinn-R-doc&#092;sub&#092;WhatIsNew_2005.tex" TopLine="1" X="1" Y="1"/><ROW File="C:&#092;Users&#092;jcfaria&#092;Documents&#092;GitHub&#092;Tinn-R-doc&#092;sub&#092;WhatIsNew_2007.tex" TopLine="1" X="1" Y="1"/><ROW File="C:&#092;Users&#092;jcfaria&#092;Documents&#092;GitHub&#092;Tinn-R-doc&#092;sub&#092;WhatIsNew_2009.tex" TopLine="1" X="1" Y="1"/><ROW File="C:&#092;Users&#092;jcfaria&#092;Documents&#092;GitHub&#092;Tinn-R-doc&#092;sub&#092;WhatIsNew_2010.tex" TopLine="1" X="1" Y="1"/><ROW File="C:&#092;Users&#092;jcfaria&#092;Documents&#092;GitHub&#092;Tinn-R-doc&#092;sub&#092;WhatIsNew_2012.tex" TopLine="1" X="1" Y="1"/><ROW File="C:&#092;Users&#092;jcfaria&#092;Documents&#092;GitHub&#092;Tinn-R-doc&#092;sub&#092;WhatIsNew_2013.tex" TopLine="1" X="1" Y="1"/><ROW File="C:&#092;Users&#092;jcfaria&#092;Documents&#092;GitHub&#092;Tinn-R-doc&#092;sub&#092;WhatIsNew_2014.tex" TopLine="1" X="1" Y="1"/><ROW File="C:&#092;Users&#092;jcfaria&#092;Documents&#092;GitHub&#092;Tinn-R-doc&#092;sub&#092;WhatIsNew_2015.tex" TopLine="1" X="1" Y="1"/><ROW File="C:&#092;Users&#092;jcfaria&#092;Documents&#092;GitHub&#092;Tinn-R-doc&#092;sub&#092;WhatIsNew_2016.tex" TopLine="1" X="1" Y="1"/><ROW File="C:&#092;Users&#092;jcfaria&#092;Documents&#092;GitHub&#092;Tinn-R-doc&#092;sub&#092;WhatIsNew_2018.tex" TopLine="1" X="1" Y="1"/><ROW File="C:&#092;Users&#092;jcfaria&#092;Documents&#092;GitHub&#092;Tinn-R-doc&#092;sub&#092;RManuals.tex" TopLine="1" X="1" Y="1"/><ROW File="C:&#092;Users&#092;jcfaria&#092;Documents&#092;GitHub&#092;Tinn-R-doc&#092;sub&#092;gpl3.tex" TopLine="1" X="1" Y="1"/><ROW File="C:&#092;Users&#092;jcfaria&#092;Documents&#092;GitHub&#092;Tinn-R-doc&#092;sub&#092;zzzAuthors.tex" TopLine="1" X="1" Y="1"/><ROW File="C:&#092;Users&#092;jcfaria&#092;Documents&#092;GitHub&#092;Tinn-R-doc&#092;sub&#092;zzzBackCover.tex" TopLine="1" X="1" Y="1"/><ROW File="C:&#092;Users&#092;jcfaria&#092;Documents&#092;GitHub&#092;Tinn-R-doc&#092;sub&#092;zzzBibliography.tex" TopLine="1" X="1" Y="1"/><ROW File="C:&#092;Users&#092;jcfaria&#092;Documents&#092;GitHub&#092;Tinn-R-doc&#092;sub&#092;zzzCrossRefs.tex" TopLine="1" X="1" Y="1"/><ROW File="C:&#092;Users&#092;jcfaria&#092;Documents&#092;GitHub&#092;Tinn-R-doc&#092;sub&#092;zzzGlossary.tex" TopLine="1" X="1" Y="1"/><ROW File="C:&#092;Users&#092;jcfaria&#092;Documents&#092;GitHub&#092;Tinn-R-doc&#092;sub&#092;zzzIndex.tex" TopLine="1" X="1" Y="1"/></ROWDATA></DATAPACKET>