<?xml version="1.0" standalone="yes"?>  <DATAPACKET Version="2.0"><METADATA><FIELDS><FIELD attrname="File" fieldtype="string" WIDTH="200"/><FIELD attrname="Marks" fieldtype="bin.hex" SUBTYPE="Text"/><FIELD attrname="TopLine" fieldtype="i4"/><FIELD attrname="X" fieldtype="i4"/><FIELD attrname="Y" fieldtype="i4"/></FIELDS><PARAMS/></METADATA><ROWDATA><ROW File="C:&#092;Users&#092;jcfaria&#092;Documents&#092;GitHub&#092;Tinn-R&#092;sample&#092;Tinn-R_example of script.R" Marks="1:10" TopLine="1" X="1" Y="10"/><ROW File="C:&#092;Users&#092;jcfaria&#092;Dropbox&#092;cursos&#092;R&#092;dados&#092;bussab_morettin.txt" TopLine="1" X="31" Y="2"/><ROW File="C:&#092;Users&#092;jcfaria&#092;Dropbox&#092;cursos&#092;R&#092;leitura_gravacao_dados.R" TopLine="86" X="3" Y="105"/><ROW File="C:&#092;Users&#092;jcfaria&#092;Dropbox&#092;cursos&#092;R&#092;tmp&#092;iris_alt.txt" TopLine="1" X="9" Y="2"/><ROW File="C:&#092;Users&#092;jcfaria&#092;Dropbox&#092;cursos&#092;R&#092;tmp&#092;BOD.txt" TopLine="1" X="1" Y="1"/><ROW File="C:&#092;Users&#092;jcfaria&#092;Dropbox&#092;cursos&#092;R&#092;tmp&#092;peridon.txt" TopLine="1" X="27" Y="7"/><ROW File="C:&#092;Users&#092;jcfaria&#092;Dropbox&#092;cursos&#092;teste&#092;peridon.txt" TopLine="1" X="46" Y="15"/><ROW File="C:&#092;Users&#092;jcfaria&#092;Dropbox&#092;cursos&#092;R&#092;dados&#092;tg.csv" TopLine="1" X="100" Y="14"/><ROW File="C:&#092;Users&#092;jcfaria&#092;Dropbox&#092;cursos&#092;R&#092;dados&#092;semente.csv" TopLine="1" X="1" Y="1"/><ROW File="C:&#092;Users&#092;jcfaria&#092;Dropbox&#092;cursos&#092;R&#092;dados&#092;msfinal.csv" TopLine="1" X="1" Y="1"/></ROWDATA></DATAPACKET>