<?xml version="1.0" standalone="yes"?>  <DATAPACKET Version="2.0"><METADATA><FIELDS><FIELD attrname="File" fieldtype="string" WIDTH="200"/><FIELD attrname="Marks" fieldtype="bin.hex" SUBTYPE="Text"/><FIELD attrname="TopLine" fieldtype="i4"/><FIELD attrname="X" fieldtype="i4"/><FIELD attrname="Y" fieldtype="i4"/></FIELDS><PARAMS/></METADATA><ROWDATA><ROW File="C:&#092;Users&#092;jcfaria&#092;Documents&#092;Git_Bitbucket&#092;Tinn-R&#092;Tinn-R&#092;Tinn-R&#092;source&#092;Tinn-R&#092;ufrmMain.pas" TopLine="5481" X="40" Y="5491"/><ROW File="C:&#092;Users&#092;jcfaria&#092;Documents&#092;Git_Bitbucket&#092;Tinn-R&#092;Tinn-R&#092;Tinn-R&#092;sample&#092;Tinn-R_example of script.R" Marks="0:11 1:16" TopLine="65" X="1" Y="83"/><ROW File="C:&#092;Users&#092;jcfaria&#092;Documents&#092;Git_Bitbucket&#092;Tinn-R&#092;Tinn-R&#092;Tinn-R&#092;distribution&#092;Tinn-R&#092;bin&#092;Readme.tex" TopLine="31" X="40" Y="67"/><ROW File="C:&#092;Users&#092;jcfaria&#092;Documents&#092;Git_Bitbucket&#092;Tinn-R&#092;Tinn-R_doc&#092;sub&#092;WhatIsNew_2018.tex" TopLine="1" X="1" Y="7"/><ROW File="C:&#092;Users&#092;jcfaria&#092;Documents&#092;Git_Bitbucket&#092;Tinn-R&#092;Tinn-R_doc&#092;User_guide.tex" TopLine="1" X="35" Y="11"/><ROW File="C:&#092;Tinn-R&#092;sample&#092;Tinn-R_example of script.R" TopLine="1" X="1" Y="22"/><ROW File="C:&#092;Users&#092;jcfaria&#092;AppData&#092;Roaming&#092;Tinn-R&#092;project&#092;Tinn-R_recognized words.R" TopLine="2197" X="12" Y="2203"/><ROW File="C:&#092;Users&#092;jcfaria&#092;Dropbox&#092;cursos&#092;R&#092;introducao_basico.R" Marks="1:626" TopLine="619" X="38" Y="626"/><ROW File="C:&#092;Users&#092;jcfaria&#092;Dropbox&#092;cursos&#092;R&#092;anova_dic_bal.R" TopLine="1" X="1" Y="1"/><ROW File="C:&#092;Users&#092;jcfaria&#092;Dropbox&#092;cursos&#092;R&#092;anova_fundamentos.R" TopLine="1" X="1" Y="1"/><ROW File="C:&#092;Users&#092;jcfaria&#092;Dropbox&#092;r&#092;IR_LEC&#092;ir_10_Listas.R" TopLine="1" X="1" Y="1"/><ROW File="C:&#092;Users&#092;jcfaria&#092;Dropbox&#092;cursos&#092;R&#092;rca_f_origem.R" TopLine="1" X="1" Y="1"/><ROW File="C:&#092;Users&#092;jcfaria&#092;Dropbox&#092;cursos&#092;R&#092;rca_tcl.R" TopLine="1" X="1" Y="1"/><ROW File="C:&#092;Users&#092;jcfaria&#092;Dropbox&#092;cursos&#092;UESC_CET076.tps" TopLine="34" X="38" Y="69"/><ROW File="C:&#092;Users&#092;jcfaria&#092;Dropbox&#092;cursos&#092;cet083&#092;apresentacao_cp&#092;conteudo_programatico.txt" TopLine="16" X="52" Y="37"/><ROW File="C:&#092;Users&#092;jcfaria&#092;Dropbox&#092;cursos&#092;cet076&#092;apresentacao_cp&#092;conteudo_programatico.txt" TopLine="6" X="5" Y="35"/><ROW File="C:&#092;Users&#092;jcfaria&#092;Documents&#092;Git_Bitbucket&#092;Tinn-R&#092;Tinn-R&#092;Tinn-R&#092;distribution&#092;Tinn-R&#092;bin&#092;Readme.html" TopLine="19" X="1" Y="56"/><ROW File="C:&#092;Users&#092;jcfaria&#092;Documents&#092;Git_Bitbucket&#092;Tinn-R&#092;Tinn-R&#092;Tinn-R&#092;distribution&#092;Tinn-R&#092;bin&#092;Readme.html5" TopLine="1" X="1" Y="1"/><ROW File="C:&#092;Users&#092;jcfaria&#092;Documents&#092;Git_Bitbucket&#092;Tinn-R&#092;Tinn-R&#092;Tinn-R&#092;distribution&#092;Tinn-R&#092;bin&#092;Readme.markdown" TopLine="58" X="1" Y="93"/><ROW File="C:&#092;Users&#092;jcfaria&#092;Documents&#092;Git_Bitbucket&#092;Tinn-R&#092;Tinn-R&#092;Tinn-R&#092;distribution&#092;Tinn-R&#092;bin&#092;new_version.txt" TopLine="1" X="48" Y="1"/><ROW File="C:&#092;Users&#092;jcfaria&#092;Desktop&#092;ivan&#092;script_faria.r" Marks="2:17 3:66 4:78 0:4 1:10" TopLine="1" X="34" Y="90"/><ROW File="C:&#092;Users&#092;jcfaria&#092;Desktop&#092;ivan&#092;ger.design.R" TopLine="10" X="54" Y="34"/><ROW File="C:&#092;Users&#092;jcfaria&#092;Documents&#092;Git_Bitbucket&#092;Tinn-R&#092;Tinn-R&#092;Tinn-R&#092;project_clean.bat" TopLine="1" X="8" Y="23"/><ROW File="C:&#092;Users&#092;jcfaria&#092;Documents&#092;Git_Bitbucket&#092;Tinn-R&#092;Tinn-R&#092;Tinn-R&#092;Tinn-R.tps" TopLine="64" X="21" Y="70"/><ROW File="C:&#092;Users&#092;jcfaria&#092;Documents&#092;Git_Bitbucket&#092;Tinn-R&#092;README.md" TopLine="1" X="1" Y="1"/><ROW File="C:&#092;Users&#092;jcfaria&#092;Dropbox&#092;prog_PHP&#092;new_1.html" TopLine="1" X="10" Y="6"/><ROW File="C:&#092;Users&#092;jcfaria&#092;Dropbox&#092;prog_PHP&#092;new_1.php" TopLine="1" X="1" Y="1"/><ROW File="C:&#092;Users&#092;jcfaria&#092;Dropbox&#092;prog_PHP&#092;HTML&#092;arq_01.html" TopLine="1" X="34" Y="25"/><ROW File="C:&#092;Users&#092;jcfaria&#092;Dropbox&#092;cursos&#092;R&#092;leitura_gravacao_dados.R" Marks="1:12" TopLine="13" X="1" Y="29"/><ROW File="C:&#092;Users&#092;jcfaria&#092;Dropbox&#092;cursos&#092;R&#092;tmp&#092;res&#092;Untitled2.Rhtml" TopLine="26" X="14" Y="31"/><ROW File="C:&#092;Users&#092;jcfaria&#092;Dropbox&#092;cursos&#092;R&#092;tmp&#092;res&#092;Untitled3.Rnw" TopLine="43" X="11" Y="62"/><ROW File="C:&#092;Users&#092;jcfaria&#092;Dropbox&#092;cursos&#092;R&#092;tmp&#092;res&#092;Untitled3.tex" TopLine="1" X="13" Y="27"/><ROW File="C:&#092;Users&#092;jcfaria&#092;Dropbox&#092;cursos&#092;R&#092;tmp&#092;res&#092;Untitled2.html" TopLine="108" X="1" Y="1"/><ROW File="C:&#092;Users&#092;jcfaria&#092;Desktop&#092;ivan&#092;test.R" TopLine="1" X="6" Y="12"/><ROW File="C:&#092;Users&#092;jcfaria&#092;Documents&#092;Git_Bitbucket&#092;Tinn-R&#092;Tinn-R_doc&#092;sub&#092;WhatIsNew.tex" TopLine="1" X="48" Y="14"/><ROW File="C:&#092;Users&#092;jcfaria&#092;Documents&#092;favoritos_11_10_2018.html" TopLine="1" X="1" Y="1"/><ROW File="C:&#092;Users&#092;jcfaria&#092;Documents&#092;GitHub&#092;gerexp&#092;examples&#092;script.R" Marks="1:74" TopLine="239" X="23" Y="254"/><ROW File="C:&#092;Users&#092;jcfaria&#092;Documents&#092;GitHub&#092;gerexp&#092;R&#092;gerexp.R" TopLine="1" X="1" Y="1"/><ROW File="C:&#092;Users&#092;jcfaria&#092;Documents&#092;GitHub&#092;gerexp&#092;vignettes&#092;intro.Rmd" TopLine="44" X="1" Y="1"/><ROW File="C:&#092;Users&#092;jcfaria&#092;Downloads&#092;script.r" TopLine="1" X="1" Y="1"/><ROW File="C:&#092;Users&#092;jcfaria&#092;Desktop&#092;introducao_basico.R" TopLine="1" X="1" Y="1"/><ROW File="C:&#092;Users&#092;jcfaria&#092;Desktop&#092;face.txt" TopLine="1" X="54" Y="17"/><ROW File="C:&#092;Users&#092;jcfaria&#092;Desktop&#092;Untitled1.R" TopLine="1" X="44" Y="1"/><ROW File="C:&#092;Users&#092;jcfaria&#092;Desktop&#092;Untitled1.txt" TopLine="1" X="65" Y="4"/><ROW File="C:&#092;Users&#092;jcfaria&#092;Documents&#092;GitHub&#092;gerexp&#092;gerexp_project.tps" TopLine="1" X="16" Y="15"/><ROW File="C:&#092;Users&#092;jcfaria&#092;Documents&#092;GitHub&#092;gerexp&#092;DESCRIPTION" TopLine="1" X="14" Y="11"/><ROW File="C:&#092;Users&#092;jcfaria&#092;Documents&#092;GitHub&#092;gerexp&#092;man&#092;lba.Rd" TopLine="312" X="1" Y="1"/><ROW File="C:&#092;Users&#092;jcfaria&#092;Desktop&#092;test_brackets.R" TopLine="1" X="56" Y="10"/><ROW File="C:&#092;Users&#092;jcfaria&#092;Documents&#092;Git_Bitbucket&#092;Tinn-R&#092;Tinn-R&#092;Tinn-R&#092;distribution&#092;Tinn-R Portable&#092;zip&#092;new_version_portable.txt" TopLine="1" X="64" Y="2"/><ROW File="C:&#092;Users&#092;jcfaria&#092;Desktop&#092;Kramer&#092;senhas.txt" TopLine="34" X="1" Y="70"/><ROW File="C:&#092;Users&#092;jcfaria&#092;Documents&#092;Git_Bitbucket&#092;Tinn-R&#092;Tinn-R&#092;Tinn-R&#092;source&#092;Tinn-RPortable&#092;Tinn_RPortable.dproj" TopLine="79" X="1" Y="1"/><ROW File="C:&#092;Users&#092;jcfaria&#092;Documents&#092;Git_Bitbucket&#092;Tinn-R&#092;Tinn-R&#092;Tinn-R&#092;source&#092;Tinn-RPortable&#092;Tinn_RPortable.dproj.local" TopLine="1" X="65" Y="19"/></ROWDATA></DATAPACKET>