<?xml version="1.0" standalone="yes"?>  <DATAPACKET Version="2.0"><METADATA><FIELDS><FIELD attrname="Group" fieldtype="string" WIDTH="50"/><FIELD attrname="Function" fieldtype="string" WIDTH="50"/><FIELD attrname="Trigger" fieldtype="string" WIDTH="50"/><FIELD attrname="Completion" fieldtype="bin.hex" SUBTYPE="Text"/></FIELDS><PARAMS/></METADATA><ROWDATA><ROW Group="R" Function="c" Trigger="c" Completion="c(|, )"/><ROW Group="R" Function="cat" Trigger="ca" Completion="cat(|, )"/><ROW Group="R" Function="for, simple" Trigger="fo" Completion="for (i in 1:|)"/><ROW Group="R" Function="for, complete" Trigger="foc" Completion="for (i in 1:|) {&#013;&#010;  |&#013;&#010;}"/><ROW Group="R" Function="function, simple" Trigger="fu" Completion="myFunction = function(..) |"/><ROW Group="R" Function="function, complete" Trigger="fuc" Completion="myFunction = function(..) {&#013;&#010;  |&#013;&#010;}"/><ROW Group="R" Function="ifelse, simple" Trigger="ie" Completion="ifelse(|, , )"/><ROW Group="R" Function="ifelse, complete" Trigger="iec" Completion="ifelse(|,&#013;&#010;  {&#013;&#010;    |&#013;&#010;  },&#013;&#010;  {&#013;&#010;    |&#013;&#010;  }&#013;&#010;)"/><ROW Group="R" Function="if, simple" Trigger="if" Completion="if (| &lt; )"/><ROW Group="R" Function="if, complete" Trigger="ifc" Completion="if (|&lt; ) {&#013;&#010;  |&#013;&#010;}"/><ROW Group="R" Function="mean" Trigger="m" Completion="mean(|)"/><ROW Group="R" Function="plot, simple" Trigger="p" Completion="plot(|)"/><ROW Group="R" Function="plot, complete" Trigger="pc" Completion="with(|,&#013;&#010;  plot(y ~ x)&#013;&#010;)"/><ROW Group="R" Function="repeat" Trigger="re" Completion="i = 0&#013;&#010;repeat {&#013;&#010;  i = i + 1&#013;&#010;  |&#013;&#010;  if (i == 10) break&#013;&#010;}"/><ROW Group="R" Function="rnorm" Trigger="rn" Completion="rnorm(|, mean=0 , sd=1)"/><ROW Group="R" Function="rnorm, seed" Trigger="rns" Completion="set.seed(8)&#013;&#010;rnorm(|, mean=0 , sd=1)"/><ROW Group="R" Function="sd" Trigger="s" Completion="sd(|)"/><ROW Group="R" Function="switch" Trigger="sw" Completion="switch(|,&#013;&#010;  a = &apos; &apos;,&#013;&#010;  b = &apos; &apos;,&#013;&#010;)"/><ROW Group="R" Function="var" Trigger="v" Completion="var(|)"/><ROW Group="R" Function="while" Trigger="wh" Completion="i = 0&#013;&#010;while (i &lt; |) {&#013;&#010;  |&#013;&#010;  i = i + 1&#013;&#010;}"/><ROW Group="R" Function="example" Trigger="ex" Completion="#===============================&#013;&#010;# example: |&#013;&#010;#==============================="/><ROW Group="R" Function="main" Trigger="ma" Completion="#===============================================================================&#013;&#010;# Name   : | (after to type anything, press F3 to go to next insercion point)&#013;&#010;# Author : |&#013;&#010;# Date   : |&#013;&#010;# Version: |&#013;&#010;# Aim    : |&#013;&#010;# Mail   : &lt;&lt;&lt;|&gt;&gt;&gt;&#013;&#010;#==============================================================================="/><ROW Group="R" Function="summary" Trigger="su" Completion="summary(|)"/><ROW Group="TeX" Function="figure" Trigger="fg" Completion="&#092;begin{figure}[ht]&#013;&#010;  &#092;centering&#013;&#010;  &#092;includegraphics[height=5cm, width=5cm]{img/|.png}&#013;&#010;  &#092;caption{Title, UESC/BA -- 05/2009.}&#013;&#010;  &#092;label{fig_01}&#013;&#010;&#092;end{figure}"/><ROW Group="TeX" Function="equation" Trigger="eq" Completion="&#092;begin{equation}&#092;label{eq_01}&#013;&#010;  |&#013;&#010;&#092;end{equation}"/><ROW Group="TeX" Function="&#092;item" Trigger="i" Completion="&#092;item |"/><ROW Group="TeX" Function="enumerate" Trigger="en" Completion="&#092;begin{enumerate}&#013;&#010;  |&#013;&#010;&#092;end{enumerate}"/><ROW Group="TeX" Function="itemize" Trigger="it" Completion="&#092;begin{itemize}&#013;&#010;  |&#013;&#010;&#092;end{itemize}"/><ROW Group="TeX" Function="texttt{" Trigger="tt" Completion="&#092;texttt{|}"/><ROW Group="TeX" Function="textbf{" Trigger="tb" Completion="&#092;textbf{|}"/><ROW Group="TeX" Function="textit{" Trigger="ti" Completion="&#092;textit{|}"/><ROW Group="MY_COMPLETION" Function="a_long_script" Trigger="~ls" Completion="# ===================================//==========================================&#013;&#010;#  Mail: &lt;&lt;&lt; joseclaudio.faria@gmail.com &gt;&gt;&gt;&#013;&#010;#  More: &lt;&lt;&lt; http://zoonek2.free.fr/UNIX/48_R/all.html &gt;&gt;&gt;&#013;&#010;#  NBCGIB-IP-FIXO: 200.128.66.214 - slurm&#013;&#010;# ===================================//==========================================&#013;&#010;&#013;&#010;# help.start() start the html interface to on-line help (using a web browser available at&#013;&#010;# your machine). You should briefly explore the features of this facility with the mouse.&#013;&#010;# Iconify the help window and move on to the next part.&#013;&#010;&#013;&#010;set.seed(|)     #! Tip something and after tip F3 to got to the next stop symbol...&#013;&#010;x &lt;- rnorm(|)   #! Tip something and after tip F3 to got to the next stop symbol...&#013;&#010;x&#013;&#010;&#013;&#010;y &lt;- rnorm(|)   #! Tip something and after tip F3 to got to the next stop symbol...&#013;&#010;y&#013;&#010;# Generate two pseudo-random normal vectors of x and y coordinates&#013;&#010;&#013;&#010;x11(w=4,&#013;&#010;    h=4)&#013;&#010;&#013;&#010;bringToTop(s=T)&#013;&#010;&#013;&#010;plot(x,&#013;&#010;     y)&#013;&#010;# Plot the points in the plane. A graphics window will appear automatically&#013;&#010;&#013;&#010;ls()&#013;&#010;# See which R objects are now in the R workspace&#013;&#010;&#013;&#010;rm(x, y)&#013;&#010;# Remove objects no longer needed. (Clean up)&#013;&#010;&#013;&#010;x &lt;- 1:20&#013;&#010;# Make x=(1, 2, . . . , 20)&#013;&#010;&#013;&#010;w &lt;- 1 + sqrt(x)/2&#013;&#010;# A �weight� vector of standard deviations&#013;&#010;&#013;&#010;dummy &lt;- data.frame(x=x,&#013;&#010;                    y=x + rnorm(x) * w)&#013;&#010;# Dummy Make a data frame of two columns, x and y, and look at it&#013;&#010;&#013;&#010;fm &lt;- lm(y ~ x,&#013;&#010;         data=dummy)&#013;&#010;&#013;&#010;summary(fm)&#013;&#010;# Fit a simple linear regression of y on x and look at the analysis&#013;&#010;&#013;&#010;fm1 &lt;- lm(y ~ x,&#013;&#010;          data=dummy,&#013;&#010;          weight=1/w^2)&#013;&#010;&#013;&#010;summary(fm1)&#013;&#010;# Since we know the standard deviations, we can do a weighted regression&#013;&#010;&#013;&#010;lrf &lt;- with(dummy,&#013;&#010;            lowess(x,&#013;&#010;                   y))&#013;&#010;# Make a nonparametric local regression function&#013;&#010;&#013;&#010;with(dummy,&#013;&#010;     plot(x,&#013;&#010;          y))&#013;&#010;# Standard point plot&#013;&#010;&#013;&#010;lines(x,&#013;&#010;      lrf$y)&#013;&#010;# Add in the local regression&#013;&#010;&#013;&#010;abline(0,&#013;&#010;       1,&#013;&#010;       lty=3)&#013;&#010;# The true regression line: (intercept 0, slope 1)&#013;&#010;&#013;&#010;abline(coef(fm))&#013;&#010;# Unweighted regression line&#013;&#010;&#013;&#010;abline(coef(fm1),&#013;&#010;       col=&quot;red&quot;)&#013;&#010;# Weighted regression line&#013;&#010;&#013;&#010;plot(fitted(fm),&#013;&#010;     resid(fm),&#013;&#010;     xlab=&quot;Fitted values&quot;,&#013;&#010;     ylab=&quot;Residuals&quot;,&#013;&#010;     main=&quot;Residuals vs&#013;&#010;           Fitted&quot;)&#013;&#010;# A standard regression diagnostic plot to check for heteroscedasticity. Can you see it?&#013;&#010;&#013;&#010;qqnorm(resid(fm),&#013;&#010;       main=&quot;Residuals Rankit Plot&quot;)&#013;&#010;# A normal scores plot to check for skewness, kurtosis and outliers. (Not very useful here)&#013;&#010;&#013;&#010;rm(w, fm, fm1, lrf, x, dummy, |)  #! The last stop symbol!&#013;&#010;# Clean up again&#013;&#010;&#013;&#010;graphics.off()&#013;&#010;# Close graphics&#013;&#010;&#013;&#010;# q() Quit the R program. You will be asked if you want to save the R workspace, and for an&#013;&#010;# exploratory session like this, you probably do not want to save it."/><ROW Group="HTML" Function="&lt;html&gt;" Trigger="&lt;ht" Completion="&lt;html&gt;&#013;&#010;  |&#013;&#010;&lt;/html&gt;"/><ROW Group="HTML" Function="&lt;head&gt;" Trigger="&lt;he" Completion="&lt;head&gt;&#013;&#010;  |&#013;&#010;&lt;/head&gt;"/><ROW Group="HTML" Function="&lt;title&gt;" Trigger="&lt;ti" Completion="&lt;title&gt;|&lt;/title&gt;"/><ROW Group="HTML" Function="&lt;script&gt;" Trigger="&lt;sc" Completion="&lt;script&gt;|&lt;/script&gt;"/><ROW Group="HTML" Function="&lt;meta&gt;" Trigger="&lt;me" Completion="&lt;meta charset=&quot;|&quot;/&gt;"/><ROW Group="HTML" Function="&lt;base&gt;" Trigger="&lt;ba" Completion="&lt;base hreft=&quot;|&quot;/&gt;"/><ROW Group="HTML" Function="&lt;p&gt;" Trigger="&lt;p" Completion="&lt;p&gt;|&lt;/p&gt;"/><ROW Group="HTML" Function="&lt;pre&gt;" Trigger="&lt;pr" Completion="&lt;pre&gt;&#013;&#010;  |&#013;&#010;&lt;/pre&gt;"/><ROW Group="HTML" Function="&lt;body&gt;" Trigger="&lt;bo" Completion="&lt;body&gt;&#013;&#010;  |&#013;&#010;&lt;/body&gt;"/><ROW Group="HTML" Function="&lt;small&gt;" Trigger="&lt;sm" Completion="&lt;small&gt;|&lt;/small&gt;"/><ROW Group="HTML" Function="&lt;strike&gt;" Trigger="&lt;st" Completion="&lt;strike&gt;|&lt;/strike&gt;"/><ROW Group="HTML" Function="&lt;u&gt;" Trigger="&lt;u" Completion="&lt;u&gt;|&lt;/u&gt;"/><ROW Group="HTML" Function="&lt;i&gt;" Trigger="&lt;i" Completion="&lt;i&gt;|&lt;/i&gt;"/><ROW Group="HTML" Function="&lt;sup&gt;" Trigger="&lt;su" Completion="&lt;sup&gt;|&lt;/sup&gt;"/><ROW Group="HTML" Function="&lt;link&gt;" Trigger="&lt;li" Completion="&lt;link rel=&quot;stylesheet&quot; type=&quot;|/css&quot; href=&quot;|&quot;&gt;"/><ROW Group="HTML" Function="&lt;ol&gt;" Trigger="&lt;ol" Completion="&lt;ol&gt;&#013;&#010;  |&#013;&#010;&lt;/ol&gt;&#013;&#010;"/></ROWDATA></DATAPACKET>