<?xml version="1.0" encoding="UTF-8"?>
<DATAPACKET Version="2.0">
  <METADATA>
    <FIELDS>
      <FIELD attrname="Index" fieldtype="i2"/>
      <FIELD attrname="Group" fieldtype="string" WIDTH="20"/>
      <FIELD attrname="Command" fieldtype="string" WIDTH="50"/>
      <FIELD attrname="Key" fieldtype="i2"/>
      <FIELD attrname="Keystroke" fieldtype="string" WIDTH="20"/>
    </FIELDS>
    <PARAMS/>
  </METADATA>
  <ROWDATA>
    <ROW Index="0" Group="Editor" Command="ecBlockIndent" Key="73" Keystroke="Shift+Ctrl+I"/>
    <ROW Index="1" Group="Editor" Command="ecBlockUnindent" Key="85" Keystroke="Shift+Ctrl+U"/>
    <ROW Index="2" Group="Editor" Command="ecColumnSelect" Key="67" Keystroke="Shift+Ctrl+C"/>
    <ROW Index="3" Group="Editor" Command="ecContextHelp" Key="112" Keystroke="F1"/>
    <ROW Index="4" Group="Editor" Command="ecCopy" Key="67" Keystroke="Ctrl+C"/>
    <ROW Index="5" Group="Editor" Command="ecCut" Key="88" Keystroke="Ctrl+X"/>
    <ROW Index="6" Group="Editor" Command="ecDeleteChar" Key="46" Keystroke="Del"/> 
    <ROW Index="7" Group="Editor" Command="ecDeleteEOL" Key="89" Keystroke="Shift+Ctrl+Y"/>
    <ROW Index="8" Group="Editor" Command="ecDeleteLastChar" Key="8" Keystroke="BkSp"/>
    <ROW Index="9" Group="Editor" Command="ecDeleteLastWord" Key="8" Keystroke="Ctrl+BkSp"/>
    <ROW Index="10" Group="Editor" Command="ecDeleteLine" Key="89" Keystroke="Ctrl+Y"/>
    <ROW Index="11" Group="Editor" Command="ecDeleteWord" Key="84" Keystroke="Ctrl+T"/>
    <ROW Index="12" Group="Editor" Command="ecDown" Key="40" Keystroke="Down"/>
    <ROW Index="13" Group="Editor" Command="ecEditorBottom" Key="35" Keystroke="Ctrl+End"/>
    <ROW Index="14" Group="Editor" Command="ecEditorTop" Key="36" Keystroke="Ctrl+Home"/>
    <ROW Index="15" Group="Editor" Command="ecGotoMarker0" Key="48" Keystroke="Ctrl+0"/>
    <ROW Index="16" Group="Editor" Command="ecGotoMarker1" Key="49" Keystroke="Ctrl+1"/>
    <ROW Index="17" Group="Editor" Command="ecGotoMarker2" Key="50" Keystroke="Ctrl+2"/>
    <ROW Index="18" Group="Editor" Command="ecGotoMarker3" Key="51" Keystroke="Ctrl+3"/>
    <ROW Index="19" Group="Editor" Command="ecGotoMarker4" Key="52" Keystroke="Ctrl+4"/>
    <ROW Index="20" Group="Editor" Command="ecGotoMarker5" Key="53" Keystroke="Ctrl+5"/>
    <ROW Index="21" Group="Editor" Command="ecGotoMarker6" Key="54" Keystroke="Ctrl+6"/>
    <ROW Index="22" Group="Editor" Command="ecGotoMarker7" Key="55" Keystroke="Ctrl+7"/>
    <ROW Index="23" Group="Editor" Command="ecGotoMarker8" Key="56" Keystroke="Ctrl+8"/>
    <ROW Index="24" Group="Editor" Command="ecGotoMarker9" Key="57" Keystroke="Ctrl+9"/>
    <ROW Index="25" Group="Editor" Command="ecInsertLine" Key="78" Keystroke="Ctrl+N"/>
    <ROW Index="26" Group="Editor" Command="ecLeft" Key="37" Keystroke="Left+End"/>
    <ROW Index="27" Group="Editor" Command="ecLineBreak" Key="13" Keystroke="Enter"/>
    <ROW Index="28" Group="Editor" Command="ecLineEnd" Key="35" Keystroke="End"/>
    <ROW Index="29" Group="Editor" Command="ecLineSelect" Key="76" Keystroke="Shift+Ctrl+L"/>
    <ROW Index="30" Group="Editor" Command="ecLineStart" Key="36" Keystroke="Home"/>
    <ROW Index="31" Group="Editor" Command="ecMatchBracket" Key="66" Keystroke="Shift+Ctrl+B"/>
    <ROW Index="32" Group="Editor" Command="ecNormalSelect" Key="78" Keystroke="Shift+Ctrl+N"/>
    <ROW Index="33" Group="Editor" Command="ecPageBottom" Key="34" Keystroke="Ctrl+PgDn"/>
    <ROW Index="34" Group="Editor" Command="ecPageDown" Key="34" Keystroke="PgDn"/>
    <ROW Index="35" Group="Editor" Command="ecPageTop" Key="33" Keystroke="Ctrl+PgUp"/>
    <ROW Index="36" Group="Editor" Command="ecPageUp" Key="33" Keystroke="PgUp"/>
    <ROW Index="37" Group="Editor" Command="ecPaste" Key="86" Keystroke="Ctrl+V"/>
    <ROW Index="38" Group="Editor" Command="ecRedo" Key="90" Keystroke="Shift+Ctrl+Z"/>
    <ROW Index="39" Group="Editor" Command="ecRight" Key="39" Keystroke="Right"/>
    <ROW Index="40" Group="Editor" Command="ecScrollDown" Key="40" Keystroke="Ctrl+Down"/>
    <ROW Index="41" Group="Editor" Command="ecScrollUp" Key="38" Keystroke="Ctrl+Up"/>
    <ROW Index="42" Group="Editor" Command="ecSelDown" Key="40" Keystroke="Shift+Down"/>
    <ROW Index="43" Group="Editor" Command="ecSelectAll" Key="65" Keystroke="Ctrl+A"/>
    <ROW Index="44" Group="Editor" Command="ecSelEditorBottom" Key="35" Keystroke="Shift+Ctrl"/>
    <ROW Index="45" Group="Editor" Command="ecSelEditorTop" Key="36" Keystroke="Shift+Ctrl+H"/>
    <ROW Index="46" Group="Editor" Command="ecSelLeft" Key="37" Keystroke="Shift+Left"/>
    <ROW Index="47" Group="Editor" Command="ecSelLineEnd" Key="35" Keystroke="Shift+End"/>
    <ROW Index="48" Group="Editor" Command="ecSelLineStart" Key="36" Keystroke="Shift+Home"/>
    <ROW Index="49" Group="Editor" Command="ecSelPageBottom" Key="34" Keystroke="Shift+Ctrl+P"/>
    <ROW Index="50" Group="Editor" Command="ecSelPageDown" Key="34" Keystroke="Shift+PgDn"/>
    <ROW Index="51" Group="Editor" Command="ecSelPageTop" Key="33" Keystroke="Shift+Ctrl+PgUp"/>
    <ROW Index="52" Group="Editor" Command="ecSelPageUp" Key="33" Keystroke="Shift+PgUp"/>
    <ROW Index="53" Group="Editor" Command="ecSelRight" Key="39" Keystroke="Shift+Right"/>
    <ROW Index="54" Group="Editor" Command="ecSelUp" Key="38" Keystroke="Shift+Up"/>
    <ROW Index="55" Group="Editor" Command="ecSelWordLeft" Key="37" Keystroke="Shift+Ctrl+Lef"/>
    <ROW Index="56" Group="Editor" Command="ecSelWordRight" Key="39" Keystroke="Shift+Ctrl+R"/>
    <ROW Index="57" Group="Editor" Command="ecSetMarker0" Key="48" Keystroke="Shift+Ctrl+0"/>
    <ROW Index="58" Group="Editor" Command="ecSetMarker1" Key="49" Keystroke="Shift+Ctrl+1"/>
    <ROW Index="59" Group="Editor" Command="ecSetMarker2" Key="50" Keystroke="Shift+Ctrl+2"/>
    <ROW Index="60" Group="Editor" Command="ecSetMarker3" Key="51" Keystroke="Shift+Ctrl+3"/>
    <ROW Index="61" Group="Editor" Command="ecSetMarker4" Key="52" Keystroke="Shift+Ctrl+4"/>
    <ROW Index="62" Group="Editor" Command="ecSetMarker5" Key="53" Keystroke="Shift+Ctrl+5"/>
    <ROW Index="63" Group="Editor" Command="ecSetMarker6" Key="54" Keystroke="Shift+Ctrl+6"/>
    <ROW Index="64" Group="Editor" Command="ecSetMarker7" Key="55" Keystroke="Shift+Ctrl+7"/>
    <ROW Index="65" Group="Editor" Command="ecSetMarker8" Key="56" Keystroke="Shift+Ctrl+8"/>
    <ROW Index="66" Group="Editor" Command="ecSetMarker9" Key="57" Keystroke="Shift+Ctrl+9"/>
    <ROW Index="67" Group="Editor" Command="ecShiftTab" Key="9" Keystroke="Shift+Tab"/>
    <ROW Index="68" Group="Editor" Command="ecTab" Key="9" Keystroke="Tab"/>
    <ROW Index="69" Group="Editor" Command="ecToggleMode" Key="45" Keystroke="Ins"/>
    <ROW Index="70" Group="Editor" Command="ecUndo" Key="90" Keystroke="Ctrl+Z"/>
    <ROW Index="71" Group="Editor" Command="ecUp" Key="38" Keystroke="Up"/>
    <ROW Index="72" Group="Editor" Command="ecWordLeft" Key="37" Keystroke="Ctrl+Left"/>
    <ROW Index="73" Group="Editor" Command="ecWordRight" Key="39" Keystroke="Ctrl+Right"/>
  </ROWDATA>
</DATAPACKET>
