<?xml version="1.0" encoding="UTF-8"?>
<DATAPACKET Version="2.0">
  <METADATA>
    <FIELDS>
      <FIELD attrname="Index" fieldtype="i4"/>
      <FIELD attrname="Group" fieldtype="string" WIDTH="50"/>
      <FIELD attrname="Caption" fieldtype="string" WIDTH="50"/>
      <FIELD attrname="Hotkey" fieldtype="string" WIDTH="50"/>
    </FIELDS>
    <PARAMS/>
  </METADATA>
  <ROWDATA>
    <ROW Index="0" Group="Control" Caption="Set work directory (current file path)" Hotkey=""/>
    <ROW Index="1" Group="Control" Caption="List all objetcs" Hotkey="Alt+S"/>
    <ROW Index="2" Group="Control" Caption="Print content (selected)" Hotkey="Alt+P"/>
    <ROW Index="3" Group="Control" Caption="Plot (selected)" Hotkey=""/>
    <ROW Index="4" Group="Control" Caption="List names (selected)" Hotkey=""/>
    <ROW Index="5" Group="Control" Caption="List structure (selected)" Hotkey="Alt+T"/>
    <ROW Index="6" Group="Control" Caption="Edit (selected)" Hotkey=""/>
    <ROW Index="7" Group="Control" Caption="Fix (selected)" Hotkey=""/>
    <ROW Index="8" Group="Control" Caption="Clear console" Hotkey=""/>
    <ROW Index="9" Group="Control" Caption="Close all graphics devices" Hotkey=""/>
    <ROW Index="10" Group="Control" Caption="Help (selected)" Hotkey=""/>
    <ROW Index="11" Group="Control" Caption="Example (selected)" Hotkey=""/>
    <ROW Index="12" Group="Control" Caption="Open example (selected)" Hotkey=""/>
    <ROW Index="13" Group="Control" Caption="Help" Hotkey=""/>
  </ROWDATA>
</DATAPACKET>
