<?xml version="1.0" standalone="yes"?>  <DATAPACKET Version="2.0"><METADATA><FIELDS><FIELD attrname="Index" fieldtype="i4"/><FIELD attrname="Group" fieldtype="string" WIDTH="50"/><FIELD attrname="Caption" fieldtype="string" WIDTH="50"/><FIELD attrname="Shortcut" fieldtype="string" WIDTH="50"/></FIELDS><PARAMS/></METADATA><ROWDATA><ROW Index="0" Group="Send" Caption="File" Shortcut="Ctrl+."/><ROW Index="1" Group="Send" Caption="Selection" Shortcut="Ctrl+,"/><ROW Index="2" Group="Send" Caption="Clipboard" Shortcut="Ctrl+;"/><ROW Index="3" Group="Send" Caption="Marked block" Shortcut="Ctrl+["/><ROW Index="4" Group="Send" Caption="Contiguous" Shortcut="Ctrl+]"/><ROW Index="5" Group="Send" Caption="Smart" Shortcut="Shift+Ctrl+&#092;"/><ROW Index="6" Group="Send" Caption="Line" Shortcut="Ctrl+&#092;"/><ROW Index="7" Group="Send" Caption="Current line to top" Shortcut=""/><ROW Index="8" Group="Send" Caption="Lines to end page" Shortcut=""/><ROW Index="9" Group="Send" Caption="Cursor to beggining line" Shortcut=""/><ROW Index="10" Group="Send" Caption="Cursor to end line" Shortcut=""/><ROW Index="11" Group="Send" Caption="Sweave (.Rnw)" Shortcut=""/><ROW Index="12" Group="Send" Caption="Knit to LaTeX (.Rnw)" Shortcut=""/><ROW Index="13" Group="Send" Caption="Knit to HTML (.Rmd, Rhtml)" Shortcut=""/></ROWDATA></DATAPACKET>