﻿<?xml version="1.0" encoding="utf-8" standalone="yes"?>
<DATAPACKET Version="2.0">
  <METADATA>
    <FIELDS>
      <FIELD attrname="Language" fieldtype="string" WIDTH="20" />
      <FIELD attrname="Line" fieldtype="string" WIDTH="3" />
      <FIELD attrname="Begin" fieldtype="string" WIDTH="4" />
      <FIELD attrname="End" fieldtype="string" WIDTH="4" />
    </FIELDS>
    <PARAMS />
  </METADATA>
  <ROWDATA>
    <ROW Language="All" Line="#" Begin="" End="" />
    <ROW Language="Assembly x86" Line=";" Begin="" End="" />
    <ROW Language="Batch MS-DOS" Line="rem" Begin="" End="" />
    <ROW Language="C#" Line="//" Begin="/*" End="*/" />
    <ROW Language="C/C++" Line="//" Begin="/*" End="*/" />
    <ROW Language="CSS" Line="" Begin="/*" End="*/" />
    <ROW Language="Fortran" Line="!" Begin="" End="" />
    <ROW Language="Haskell" Line="--" />
    <ROW Language="HTML" Line="" Begin="&lt;!--" End="--&gt;" />
    <ROW Language="INI" Line=";" Begin="" End="" />
    <ROW Language="Java" Line="//" Begin="/*" End="*/" />
    <ROW Language="JavaScript" Line="//" Begin="/*" End="*/" />
    <ROW Language="Object Pascal" Line="//" Begin="{" End="}" />
    <ROW Language="Perl" Line="#" Begin="" End="" />
    <ROW Language="PHP" Line="//" Begin="" End="" />
    <ROW Language="Python" Line="#" Begin="'''" End="'''" />
    <ROW Language="R" Line="#" Begin="" End="" />
    <ROW Language="Ruby" Line="#" Begin="" End="" />
    <ROW Language="SQL" Line="--" Begin="/*" End="*/" />
    <ROW Language="Structured Text" Line="//" Begin="" End="" />
    <ROW Language="TclTk" Line="#" Begin="" End="" />
    <ROW Language="TeX" Line="%" Begin="" End="" />
    <ROW Language="Text" Line="#" Begin="" End="" />
    <ROW Language="URI" Line="" Begin="&lt;!--" End="--&gt;" />
    <ROW Language="VBScript MS" Line="'" Begin="" End="" />
    <ROW Language="Visual Basic" Line="'" Begin="" End="" />
    <ROW Language="XML" Line="" Begin="&lt;!--" End="--&gt;" />
  </ROWDATA>
</DATAPACKET>