﻿<?xml version="1.0" encoding="utf-8" standalone="yes"?>
<DATAPACKET Version="2.0">
  <METADATA>
    <FIELDS>
      <FIELD attrname="Group" fieldtype="string" WIDTH="50" />
      <FIELD attrname="Function" fieldtype="string" WIDTH="50" />
      <FIELD attrname="Trigger" fieldtype="string" WIDTH="50" />
      <FIELD attrname="Completion" fieldtype="bin.hex" SUBTYPE="Text" />
    </FIELDS>
    <PARAMS />
  </METADATA>
  <ROWDATA>
    <ROW Group="R" Function="c" Trigger="c" Completion="c(|, )" />
    <ROW Group="R" Function="cat" Trigger="ca" Completion="cat(|, )" />
    <ROW Group="R" Function="for, simple" Trigger="fo" Completion="for (i in 1:|)" />
    <ROW Group="R" Function="for, complete" Trigger="foc" Completion="for (i in 1:|) {&#xD;&#xA;&#xD;&#xA;}" />
    <ROW Group="R" Function="function, simple" Trigger="fu" Completion="myFunction = function(..) |" />
    <ROW Group="R" Function="function, complete" Trigger="fuc" Completion="myFunction = function(..) {&#xD;&#xA;  |&#xD;&#xA;}" />
    <ROW Group="R" Function="ifelse, simple" Trigger="ie" Completion="ifelse(|, , )" />
    <ROW Group="R" Function="ifelse, complete" Trigger="iec" Completion="ifelse(|,&#xD;&#xA;  {&#xD;&#xA;  &#xD;&#xA;  },&#xD;&#xA;  {&#xD;&#xA;  &#xD;&#xA;  }&#xD;&#xA;)" />
    <ROW Group="R" Function="if, simple" Trigger="if" Completion="if (| &lt; )" />
    <ROW Group="R" Function="if, complete" Trigger="ifc" Completion="if (|&lt; ) {&#xD;&#xA;&#xD;&#xA;}" />
    <ROW Group="R" Function="mean" Trigger="m" Completion="mean(|)" />
    <ROW Group="R" Function="plot, simple" Trigger="p" Completion="plot(|)" />
    <ROW Group="R" Function="plot, complete" Trigger="pc" Completion="with(|,&#xD;&#xA;  plot(y ~ x)&#xD;&#xA;)" />
    <ROW Group="R" Function="repeat" Trigger="re" Completion="repeat {&#xD;&#xA;  i = i + 1&#xD;&#xA;  |&#xD;&#xA;  if (i == 10) break&#xD;&#xA;}" />
    <ROW Group="R" Function="rnorm" Trigger="rn" Completion="rnorm(|, mean=0 , sd=1)" />
    <ROW Group="R" Function="rnorm, seed" Trigger="rns" Completion="set.seed(8)&#xD;&#xA;rnorm(|, mean=0 , sd=1)" />
    <ROW Group="R" Function="sd" Trigger="s" Completion="sd(|)" />
    <ROW Group="R" Function="switch" Trigger="sw" Completion="switch(|,&#xD;&#xA;  a = ' ',&#xD;&#xA;  b = ' ',&#xD;&#xA;)" />
    <ROW Group="R" Function="var" Trigger="v" Completion="var(|)" />
    <ROW Group="R" Function="while" Trigger="wh" Completion="i = 0&#xD;&#xA;while (i &lt; |) {&#xD;&#xA;&#xD;&#xA;  i = i + 1&#xD;&#xA;}" />
    <ROW Group="R" Function="example" Trigger="ex" Completion="#===============================&#xD;&#xA;# example: |&#xD;&#xA;#===============================" />
    <ROW Group="R" Function="main" Trigger="ma" Completion="#===============================================================================&#xD;&#xA;# Name   : |&#xD;&#xA;# Author :&#xD;&#xA;# Date   :&#xD;&#xA;# Version:&#xD;&#xA;# Aim    :&#xD;&#xA;# Mail   : &lt;&lt;&lt;&gt;&gt;&gt;&#xD;&#xA;#===============================================================================" />
    <ROW Group="R" Function="summary" Trigger="su" Completion="summary(|)" />
    <ROW Group="Tex" Function="figure" Trigger="fg" Completion="\begin{figure}[ht]&#xD;&#xA;  \centering&#xD;&#xA;  \includegraphics[height=5cm, width=5cm]{img/|.png}&#xD;&#xA;  \caption{Title, UESC/BA -- 05/2009.}&#xD;&#xA;  \label{fig_01}&#xD;&#xA;\end{figure}" />
    <ROW Group="Tex" Function="equation" Trigger="eq" Completion="\begin{equation}\label{eq_01}&#xD;&#xA;  |&#xD;&#xA;\end{equation}" />
  </ROWDATA>
</DATAPACKET>