<?xml version="1.0" standalone="yes"?>  <DATAPACKET Version="2.0"><METADATA><FIELDS><FIELD attrname="Index" fieldtype="i4"/><FIELD attrname="Group" fieldtype="string" WIDTH="50"/><FIELD attrname="Caption" fieldtype="string" WIDTH="50"/><FIELD attrname="Hint" fieldtype="string" WIDTH="80"/><FIELD attrname="Shortcut" fieldtype="string" WIDTH="50"/><FIELD attrname="Image" fieldtype="i4"/></FIELDS><PARAMS/></METADATA><ROWDATA><ROW Index="0" Group="Visualization" Caption="Misc (show/hide)" Hint="Visualization: misc (show/hide)" Shortcut="None" Image="-1"/><ROW Index="1" Group="Visualization" Caption="Windows expl. (show/hide)" Hint="Visualization: tools windows expl. (show/hide)" Shortcut="None" Image="-1"/><ROW Index="2" Group="dtb Completion" Caption="Help" Hint="Completion: help" Shortcut="None" Image="25"/><ROW Index="3" Group="dtb Completion" Caption="Help" Hint="Completion: help (current)" Shortcut="None" Image="27"/><ROW Index="4" Group="dtb Completion" Caption="Example" Hint="Completion: example (current)" Shortcut="None" Image="26"/><ROW Index="5" Group="dtb Completion" Caption="Copy function" Hint="Completion: copy function" Shortcut="None" Image="-1"/><ROW Index="6" Group="dtb Completion" Caption="Copy descrition" Hint="Completion: copy descrition" Shortcut="None" Image="-1"/><ROW Index="7" Group="dtb Completion" Caption="Edit" Hint="Completion: edit" Shortcut="None" Image="18"/><ROW Index="8" Group="dtb Completion" Caption="Insert" Hint="Completion: insert" Shortcut="None" Image="267"/><ROW Index="9" Group="dtb Card (R)" Caption="Help" Hint="Card (R): help" Shortcut="None" Image="25"/><ROW Index="10" Group="dtb Card (R)" Caption="Help" Hint="Card (R): help (current)" Shortcut="None" Image="27"/><ROW Index="11" Group="dtb Card (R)" Caption="Example" Hint="Card (R): example (current)" Shortcut="None" Image="26"/><ROW Index="12" Group="dtb Card (R)" Caption="Copy function" Hint="Card (R): copy function" Shortcut="None" Image="-1"/><ROW Index="13" Group="dtb Card (R)" Caption="Copy descrition" Hint="Card (R): copy descrition" Shortcut="None" Image="-1"/><ROW Index="14" Group="dtb Card (R)" Caption="Edit" Hint="Card (R): edit" Shortcut="None" Image="18"/><ROW Index="15" Group="dtb Card (R)" Caption="Insert" Hint="Card (R): insert" Shortcut="None" Image="267"/><ROW Index="16" Group="dtb Shortcuts" Caption="Help" Hint="Shortcuts: help" Shortcut="None" Image="25"/><ROW Index="17" Group="dtb Shortcuts" Caption="Edit" Hint="Shortcuts: edit" Shortcut="None" Image="18"/><ROW Index="18" Group="Edit" Caption="Undo" Hint="Edit: undo" Shortcut="Ctrl+Z" Image="130"/><ROW Index="19" Group="Edit" Caption="Redo" Hint="Edit: redo" Shortcut="Shift+Ctrl+Z" Image="131"/><ROW Index="20" Group="Edit" Caption="Copy" Hint="Edit: copy" Shortcut="Ctrl+C" Image="-1"/><ROW Index="21" Group="Edit" Caption="Copy fomatted (to export)" Hint="Edit: copy fomatted" Shortcut="None" Image="48"/><ROW Index="22" Group="Edit" Caption="RTF" Hint="Edit: copy fomatted (RTF)" Shortcut="None" Image="-1"/><ROW Index="23" Group="Edit" Caption="HTML" Hint="Edit: copy fomatted (HTML)" Shortcut="None" Image="-1"/><ROW Index="24" Group="Edit" Caption="TeX" Hint="Edit: copy fomatted (TeX)" Shortcut="None" Image="-1"/><ROW Index="25" Group="Edit" Caption="Cut" Hint="Edit: cut" Shortcut="Ctrl+X" Image="47"/><ROW Index="26" Group="Edit" Caption="Paste" Hint="Edit: paste" Shortcut="Ctrl+V" Image="-1"/><ROW Index="27" Group="Edit" Caption="Select all" Hint="Edit: select all" Shortcut="Ctrl+A" Image="-1"/><ROW Index="28" Group="File" Caption="New" Hint="File: new" Shortcut="Ctrl+N" Image="28"/><ROW Index="29" Group="File" Caption="Open" Hint="File: open an existing file" Shortcut="Ctrl+O" Image="66"/><ROW Index="30" Group="File" Caption="Open all recent files" Hint="File: open all recent files" Shortcut="None" Image="67"/><ROW Index="31" Group="File" Caption="Reload" Hint="File: reload current" Shortcut="Shift+Ctrl+R" Image="88"/><ROW Index="32" Group="File" Caption="Save" Hint="File: save current" Shortcut="Ctrl+S" Image="96"/><ROW Index="33" Group="File" Caption="Save all" Hint="File: save all opened files" Shortcut="None" Image="95"/><ROW Index="34" Group="File" Caption="Save as" Hint="File: save as" Shortcut="None" Image="93"/><ROW Index="35" Group="File" Caption="Close" Hint="File: close" Shortcut="Ctrl+W" Image="30"/><ROW Index="36" Group="File" Caption="Close others" Hint="File: close others" Shortcut="None" Image="31"/><ROW Index="37" Group="File" Caption="Close all" Hint="Close all opened files" Shortcut="Shift+Ctrl+W" Image="-1"/><ROW Index="38" Group="File" Caption="Close all right" Hint="File: close all files right" Shortcut="None" Image="202"/><ROW Index="39" Group="File" Caption="Close all left" Hint="File: close all files left" Shortcut="None" Image="203"/><ROW Index="40" Group="File" Caption="Unix mode ../.." Hint="File: put full path in clipboard - Unix mode (../..)" Shortcut="None" Image="-1"/><ROW Index="41" Group="File" Caption="Windows mode ..&#092;.." Hint="File: put full path in clipboard - Windows mode (..&#092;..)" Shortcut="None" Image="-1"/><ROW Index="42" Group="File" Caption="Print" Hint="File: print" Shortcut="Ctrl+P" Image="153"/><ROW Index="43" Group="Format" Caption="Indent" Hint="Format: indent block" Shortcut="Ctrl+I" Image="102"/><ROW Index="44" Group="Format" Caption="Unindent" Hint="Format: unindent block" Shortcut="Ctrl+U" Image="103"/><ROW Index="45" Group="Edit" Caption="Comment" Hint="Edit: comment" Shortcut="Alt+C" Image="139"/><ROW Index="46" Group="Edit" Caption="Uncomment first(s)" Hint="Edit: uncomment first(s)" Shortcut="Alt+N" Image="140"/><ROW Index="47" Group="Edit" Caption="Uncomment all" Hint="Edit: uncomment all" Shortcut="Alt+Z" Image="141"/><ROW Index="48" Group="Format" Caption="Uppercase word" Hint="Format: uppercase (word)" Shortcut="None" Image="59"/><ROW Index="49" Group="Format" Caption="Lowercase word" Hint="Format: lowercase (word)" Shortcut="None" Image="60"/><ROW Index="50" Group="Format" Caption="Invert case" Hint="Format: invert case (word)" Shortcut="None" Image="-1"/><ROW Index="51" Group="Format" Caption="Uppercase selection" Hint="Format: uppercase (selection)" Shortcut="None" Image="59"/><ROW Index="52" Group="Format" Caption="Lowercase selection" Hint="Format: lowercase (selection)" Shortcut="None" Image="60"/><ROW Index="53" Group="Format" Caption="Invert selection" Hint="Format: invert case (selection)" Shortcut="None" Image="-1"/><ROW Index="54" Group="Visualization" Caption="Work expl. (show/hide)" Hint="Visualization: tools work expl. (show/hide)" Shortcut="None" Image="-1"/><ROW Index="55" Group="Insert" Caption="Date / Time stamp" Hint="Insert: date and time" Shortcut="None" Image="180"/><ROW Index="56" Group="Insert" Caption="Completion" Hint="Insert: completion" Shortcut="Ctrl+J" Image="267"/><ROW Index="57" Group="Insert" Caption="Dimensional (n x m)" Hint="Insert: LaTeX dimensional" Shortcut="Shift+Ctrl+I" Image="213"/><ROW Index="58" Group="Insert" Caption="frac{}{}" Hint="Insert: LaTeX &#092;frac{}{}" Shortcut="None" Image="236"/><ROW Index="59" Group="Insert" Caption="sqrt{}" Hint="Insert: LaTeX &#092;sqrt{}" Shortcut="None" Image="237"/><ROW Index="60" Group="Insert" Caption="sqrt[]{}" Hint="Insert: LaTeX &#092;sqrt[]{}" Shortcut="None" Image="238"/><ROW Index="61" Group="Insert" Caption="Part" Hint="Insert: LaTeX &#092;part{}" Shortcut="None" Image="-1"/><ROW Index="62" Group="Insert" Caption="Chapter" Hint="Insert: LaTeX &#092;chapter{}" Shortcut="None" Image="-1"/><ROW Index="63" Group="Insert" Caption="Section" Hint="Insert: LaTeX &#092;section{}" Shortcut="None" Image="233"/><ROW Index="64" Group="Insert" Caption="Sub-section" Hint="Insert: LaTeX &#092;subsection{}" Shortcut="None" Image="234"/><ROW Index="65" Group="Insert" Caption="Sub-sub-section" Hint="Insert: LaTeX &#092;subsubsection{}" Shortcut="None" Image="235"/><ROW Index="66" Group="Insert" Caption="Paragraph" Hint="Insert: LaTeX &#092;paragraph{}" Shortcut="None" Image="-1"/><ROW Index="67" Group="Insert" Caption="Sub-paragraph" Hint="Insert: LaTeX &#092;subparagraph{}" Shortcut="None" Image="-1"/><ROW Index="68" Group="Insert" Caption="Itemization" Hint="Insert: LaTeX itemization" Shortcut="None" Image="227"/><ROW Index="69" Group="Insert" Caption="Enumeration" Hint="Insert: LaTeX enumeration" Shortcut="None" Image="228"/><ROW Index="70" Group="Insert" Caption="Left" Hint="Insert: LaTeX left" Shortcut="None" Image="219"/><ROW Index="71" Group="Insert" Caption="Center" Hint="Insert: LaTeX center" Shortcut="None" Image="218"/><ROW Index="72" Group="Insert" Caption="Right" Hint="Insert: LaTeX right" Shortcut="None" Image="220"/><ROW Index="73" Group="Insert" Caption="Enphase" Hint="Insert: LaTeX &#092;emph{}" Shortcut="None" Image="-1"/><ROW Index="74" Group="Insert" Caption="Bold" Hint="Insert: LaTeX &#092;textbf{}" Shortcut="None" Image="222"/><ROW Index="75" Group="Insert" Caption="Italic" Hint="Insert: LaTeX &#092;textit{}" Shortcut="None" Image="225"/><ROW Index="76" Group="Insert" Caption="Slatend" Hint="Insert: LaTeX &#092;textsl{}" Shortcut="None" Image="-1"/><ROW Index="77" Group="Insert" Caption="Typewriter" Hint="Insert: LaTeX &#092;texttt{}" Shortcut="None" Image="-1"/><ROW Index="78" Group="Insert" Caption="Small caps" Hint="Insert: LaTeX &#092;textsc{}" Shortcut="None" Image="229"/><ROW Index="79" Group="Insert" Caption="Tiny" Hint="Insert: LaTeX {&#092;tiny {}}" Shortcut="None" Image="-1"/><ROW Index="80" Group="Insert" Caption="Script size" Hint="Insert: LaTeX {&#092;scriptsize {}}" Shortcut="None" Image="-1"/><ROW Index="81" Group="Insert" Caption="Footnote size" Hint="Insert: LaTeX {&#092;footnotesize {}}" Shortcut="None" Image="-1"/><ROW Index="82" Group="Insert" Caption="Small" Hint="Insert: LaTeX {&#092;small {}}" Shortcut="None" Image="-1"/><ROW Index="83" Group="Insert" Caption="Normal" Hint="Insert: LaTeX {&#092;normalsize {}}" Shortcut="None" Image="-1"/><ROW Index="84" Group="Insert" Caption="Large" Hint="Insert: LaTeX {&#092;large {}}" Shortcut="None" Image="-1"/><ROW Index="85" Group="Insert" Caption="Larger" Hint="Insert: LaTeX {&#092;Large {}}" Shortcut="None" Image="-1"/><ROW Index="86" Group="Insert" Caption="Largest" Hint="Insert: LaTeX {&#092;LARGE {}}" Shortcut="None" Image="-1"/><ROW Index="87" Group="Insert" Caption="Huge" Hint="Insert: LaTeX {&#092;huge {}}" Shortcut="None" Image="-1"/><ROW Index="88" Group="Insert" Caption="Huger" Hint="Insert: LaTeX {&#092;Huge {}}" Shortcut="None" Image="-1"/><ROW Index="89" Group="Marks" Caption="Mark" Hint="Marks: block mark" Shortcut="Ctrl+Alt+S" Image="105"/><ROW Index="90" Group="Marks" Caption="Unmark" Hint="Marks: block unmark" Shortcut="Ctrl+Alt+Z" Image="106"/><ROW Index="91" Group="Marks" Caption="Unmark all" Hint="Marks: unmark all" Shortcut="Ctrl+Alt+X" Image="107"/><ROW Index="92" Group="Misc" Caption="About" Hint="Misc: about" Shortcut="None" Image="154"/><ROW Index="93" Group="Misc" Caption="E&amp;xit" Hint="Misc: exit application" Shortcut="Alt+X" Image="155"/><ROW Index="94" Group="Options" Caption="Application" Hint="Options: application" Shortcut="None" Image="118"/><ROW Index="95" Group="Options" Caption="Highlighters (settings)" Hint="Options: color preferences" Shortcut="None" Image="163"/><ROW Index="96" Group="Options" Caption="R" Hint="Options: R simple as default" Shortcut="None" Image="-1"/><ROW Index="97" Group="Options" Caption="R complex" Hint="Options: R complex as default" Shortcut="None" Image="-1"/><ROW Index="98" Group="Options" Caption="Text" Hint="Options: Text as default" Shortcut="None" Image="-1"/><ROW Index="99" Group="Options" Caption="File (open maximized)" Hint="Options: open file maximized" Shortcut="None" Image="-1"/><ROW Index="100" Group="Options" Caption="On top" Hint="Options: on top (toogle)" Shortcut="None" Image="176"/><ROW Index="101" Group="Options" Caption="Return focus to editor (after send/control Rgui)" Hint="Options: return focus after send/control Rgui" Shortcut="None" Image="87"/><ROW Index="102" Group="Options" Caption="Read only" Hint="Options: read only (toogle)" Shortcut="None" Image="169"/><ROW Index="103" Group="Options" Caption="Always shows console minimized when compiling" Hint="Options: DOS minimized (always)" Shortcut="None" Image="167"/><ROW Index="104" Group="Options" Caption="Open always after compilation (option)" Hint="Options: PDF open (always)" Shortcut="None" Image="-1"/><ROW Index="105" Group="Options" Caption="Open always after compilation (option)" Hint="Options: DVI open (always)" Shortcut="None" Image="-1"/><ROW Index="106" Group="Options" Caption="Open always after conversion (option)" Hint="Options: HTML open (always)" Shortcut="None" Image="-1"/><ROW Index="107" Group="Options" Caption="Normal" Hint="Options: normal selection" Shortcut="Shift+Ctrl+N" Image="282"/><ROW Index="108" Group="Options" Caption="Line" Hint="Options: line selection" Shortcut="Shift+Ctrl+L" Image="283"/><ROW Index="109" Group="Options" Caption="Column" Hint="Options: column selection" Shortcut="Shift+Ctrl+C" Image="284"/><ROW Index="110" Group="Project" Caption="New" Hint="Project: new" Shortcut="None" Image="110"/><ROW Index="111" Group="Project" Caption="Open" Hint="Project: open" Shortcut="None" Image="112"/><ROW Index="112" Group="Project" Caption="Open demo" Hint="Project: open demo" Shortcut="None" Image="112"/><ROW Index="113" Group="Project" Caption="Save" Hint="Project: save" Shortcut="None" Image="113"/><ROW Index="114" Group="Project" Caption="Save as" Hint="Project: save as" Shortcut="None" Image="114"/><ROW Index="115" Group="Project" Caption="Close project" Hint="Project: close (current)" Shortcut="None" Image="109"/><ROW Index="116" Group="Project" Caption="Delete current" Hint="Project: delete (current)" Shortcut="None" Image="111"/><ROW Index="117" Group="Project" Caption="Edit (as text file)" Hint="Project: edit (as text file)" Shortcut="None" Image="160"/><ROW Index="118" Group="Project" Caption="Reload (from text file)" Hint="Project: reload (from text file)" Shortcut="None" Image="86"/><ROW Index="119" Group="Project" Caption="New" Hint="Project: new group" Shortcut="None" Image="73"/><ROW Index="120" Group="Project" Caption="Rename" Hint="Project: rename group (current)" Shortcut="None" Image="-1"/><ROW Index="121" Group="Project" Caption="Delete current" Hint="Project: delete group (current)" Shortcut="None" Image="74"/><ROW Index="122" Group="Project" Caption="Delete all" Hint="Project: delete group (all)" Shortcut="None" Image="75"/><ROW Index="123" Group="Project" Caption="Expand all" Hint="Project: expand group (all)" Shortcut="None" Image="71"/><ROW Index="124" Group="Project" Caption="Collapse all" Hint="Project: collapse group (all)" Shortcut="None" Image="72"/><ROW Index="125" Group="Project" Caption="Open all (project)" Hint="Project: open all files (current)" Shortcut="None" Image="66"/><ROW Index="126" Group="Project" Caption="Close all (project)" Hint="Project: close all files (current)" Shortcut="None" Image="65"/><ROW Index="127" Group="Project" Caption="Open all (selected group)" Hint="Project: open all files (current group)" Shortcut="None" Image="-1"/><ROW Index="128" Group="Project" Caption="Close all (selected group)" Hint="Project: close all files (current group)" Shortcut="None" Image="-1"/><ROW Index="129" Group="Project" Caption="Add" Hint="Project: add file to current" Shortcut="Shift+Ctrl+Ins" Image="34"/><ROW Index="130" Group="Project" Caption="Add current" Hint="Project: add file (current)" Shortcut="Ctrl+Ins" Image="35"/><ROW Index="131" Group="Project" Caption="Remove" Hint="Project: remove (current or selected)" Shortcut="None" Image="-1"/><ROW Index="132" Group="Project" Caption="Remove all (selected group)" Hint="Project: delete all files (selected group)" Shortcut="None" Image="-1"/><ROW Index="133" Group="Project" Caption="Remove all (project)" Hint="Project: delete all files (current project)" Shortcut="None" Image="-1"/><ROW Index="134" Group="Project" Caption="Unix mode ../.." Hint="Project: copy full path to clipboard (Unix mode ../..)" Shortcut="None" Image="-1"/><ROW Index="135" Group="Project" Caption="Windows mode ..&#092;.." Hint="Project: copy full path to clipboard (Windows mode ..&#092;..)" Shortcut="None" Image="-1"/><ROW Index="136" Group="Project" Caption="Open node" Hint="Project: open node" Shortcut="None" Image="267"/><ROW Index="137" Group="R control" Caption="Set work directory (current file path)" Hint="R control: set work directory (current file path)" Shortcut="None" Image="13"/><ROW Index="138" Group="R control" Caption="List all objects" Hint="R control: list all objects" Shortcut="None" Image="14"/><ROW Index="139" Group="R control" Caption="Print content (selected)" Hint="R control: print content (selected)" Shortcut="None" Image="15"/><ROW Index="140" Group="R control" Caption="List names (selected)" Hint="R control: list names (selected)" Shortcut="None" Image="16"/><ROW Index="141" Group="R control" Caption="List structure (selected)" Hint="R control: list structure (selected)" Shortcut="F2" Image="17"/><ROW Index="142" Group="R control" Caption="Edit (selected)" Hint="R control: edit (selected)" Shortcut="None" Image="18"/><ROW Index="143" Group="R control" Caption="Fix (selected)" Hint="R control: fix (selected)" Shortcut="None" Image="19"/><ROW Index="144" Group="R control" Caption="Plot (selected)" Hint="R control: plot (selected)" Shortcut="None" Image="253"/><ROW Index="145" Group="R control" Caption="Clear console" Hint="R control: clear console" Shortcut="F9" Image="20"/><ROW Index="146" Group="R control" Caption="Close all graphic devices" Hint="R control: close all graphic devices" Shortcut="F10" Image="21"/><ROW Index="147" Group="R control" Caption="Remove all objects" Hint="R control: remove all objects" Shortcut="F11" Image="22"/><ROW Index="148" Group="R control" Caption="Clear all" Hint="R control: clear all" Shortcut="F12" Image="23"/><ROW Index="149" Group="R control" Caption="Escape" Hint="R control: escape" Shortcut="None" Image="24"/><ROW Index="150" Group="R control" Caption="Help (selected)" Hint="R control: help (selected)" Shortcut="F1" Image="27"/><ROW Index="151" Group="R control" Caption="Example (selected)" Hint="R control: example (selected)" Shortcut="Ctrl+F1" Image="26"/><ROW Index="152" Group="R control" Caption="Help" Hint="R control: help" Shortcut="Shift+Ctrl+F1" Image="290"/><ROW Index="153" Group="R control" Caption="Rgui (start)" Hint="R control: gui (start/close)" Shortcut="None" Image="81"/><ROW Index="154" Group="R control" Caption="Rterm (start)" Hint="R control: term (start/close)" Shortcut="None" Image="244"/><ROW Index="155" Group="R control" Caption="TCP/IP connection" Hint="R control: tcp/ip connection" Shortcut="None" Image="168"/><ROW Index="156" Group="R control" Caption="Packages" Hint="R control: packages" Shortcut="None" Image="212"/><ROW Index="157" Group="R control" Caption="Install" Hint="R control: packages install" Shortcut="None" Image="294"/><ROW Index="158" Group="R control" Caption="Install (from local zip)" Hint="R control: packages install (from zip file)" Shortcut="None" Image="-1"/><ROW Index="159" Group="R control" Caption="Install (TinnRcom)" Hint="R control: packages install (TinnRcom)" Shortcut="None" Image="-1"/><ROW Index="160" Group="R control" Caption="Load (TinnRcom)" Hint="R control: packages load (TinnRcom)" Shortcut="None" Image="-1"/><ROW Index="161" Group="R control" Caption="Installed" Hint="R control: packages installed" Shortcut="None" Image="-1"/><ROW Index="162" Group="R control" Caption="Load" Hint="R control: packages load" Shortcut="None" Image="-1"/><ROW Index="163" Group="R control" Caption="New" Hint="R control: packages new" Shortcut="None" Image="-1"/><ROW Index="164" Group="R control" Caption="Remove" Hint="R control: packages remove" Shortcut="None" Image="296"/><ROW Index="165" Group="R control" Caption="Update" Hint="R control: packages update" Shortcut="None" Image="295"/><ROW Index="166" Group="R control" Caption="Status" Hint="R control: packages status" Shortcut="None" Image="-1"/><ROW Index="167" Group="R explorer" Caption="Help" Hint="Explorer (R): help" Shortcut="None" Image="25"/><ROW Index="168" Group="R explorer" Caption="Help" Hint="Explorer (R): help (selected)" Shortcut="None" Image="27"/><ROW Index="169" Group="R explorer" Caption="Example" Hint="Explorer (R): example (selected)" Shortcut="None" Image="26"/><ROW Index="170" Group="R explorer" Caption="Object (basic action)" Hint="Explorer (R): basic action" Shortcut="None" Image="193"/><ROW Index="171" Group="R explorer" Caption="Summary" Hint="Explorer (R): summary" Shortcut="None" Image="-1"/><ROW Index="172" Group="R explorer" Caption="Remove" Hint="Explorer (R): remove" Shortcut="None" Image="194"/><ROW Index="173" Group="R explorer" Caption="Remove all objects" Hint="Explorer (R): remove all objects" Shortcut="None" Image="22"/><ROW Index="174" Group="R explorer" Caption="Content" Hint="Explorer (R): print content" Shortcut="None" Image="15"/><ROW Index="175" Group="R explorer" Caption="Names" Hint="Explorer (R): list names" Shortcut="None" Image="16"/><ROW Index="176" Group="R explorer" Caption="Structure" Hint="Explorer (R): list structure" Shortcut="None" Image="17"/><ROW Index="177" Group="R explorer" Caption="Edit" Hint="Explorer (R): edit" Shortcut="None" Image="18"/><ROW Index="178" Group="R explorer" Caption="Fix" Hint="Explorer (R): fix" Shortcut="None" Image="19"/><ROW Index="179" Group="R explorer" Caption="Plot" Hint="Explorer (R): plot" Shortcut="None" Image="253"/><ROW Index="180" Group="R explorer" Caption="Editor (send)" Hint="Explorer (R): editor (send to)" Shortcut="None" Image="-1"/><ROW Index="181" Group="R explorer" Caption="Clipboard (send)" Hint="Explorer (R): clipboard (send to)" Shortcut="None" Image="-1"/><ROW Index="182" Group="R explorer" Caption="Raw (export)" Hint="Explorer (R): raw (export)" Shortcut="None" Image="-1"/><ROW Index="183" Group="R explorer" Caption="ASCII (export)" Hint="Explorer (R): ASCII (export)" Shortcut="None" Image="-1"/><ROW Index="184" Group="R explorer" Caption="Style" Hint="Explorer (R): view style" Shortcut="None" Image="192"/><ROW Index="185" Group="R explorer" Caption="Refresh environment" Hint="Explorer (R): refresh environment" Shortcut="Ctrl+E" Image="86"/><ROW Index="186" Group="R explorer" Caption="Refresh explorer" Hint="Explorer (R): refresh explorer" Shortcut="Shift+Ctrl+E" Image="86"/><ROW Index="187" Group="R explorer" Caption="Refresh filter" Hint="Explorer (R): refresh filter" Shortcut="Shift+Ctrl+E" Image="86"/><ROW Index="188" Group="R send" Caption="File" Hint="R send: file" Shortcut="None" Image="1"/><ROW Index="189" Group="R send" Caption="File (echo=TRUE)" Hint="R send: file (echo=TRUE)" Shortcut="None" Image="2"/><ROW Index="190" Group="R send" Caption="Selection" Hint="R send: selection" Shortcut="None" Image="3"/><ROW Index="191" Group="R send" Caption="Selection (echo=TRUE)" Hint="R send: selection (echo=TRUE)" Shortcut="None" Image="4"/><ROW Index="192" Group="R send" Caption="Clipboard" Hint="R send: clipboard" Shortcut="Ctrl+Q" Image="268"/><ROW Index="193" Group="R send" Caption="Clipboard (echo=TRUE)" Hint="R send: clipboard (echo=TRUE)" Shortcut="Shift+Ctrl+Q" Image="269"/><ROW Index="194" Group="R send" Caption="Marked block" Hint="R send: marked block" Shortcut="None" Image="5"/><ROW Index="195" Group="R send" Caption="Marked block (echo=TRUE)" Hint="R send: marked block (echo=TRUE)" Shortcut="None" Image="6"/><ROW Index="196" Group="R send" Caption="Contiguous" Hint="R send: contiguous" Shortcut="None" Image="270"/><ROW Index="197" Group="R send" Caption="Contiguous (echo=TRUE)" Hint="R send: contiguous (echo=TRUE)" Shortcut="None" Image="271"/><ROW Index="198" Group="R send" Caption="Line" Hint="R send: line" Shortcut="None" Image="7"/><ROW Index="199" Group="R send" Caption="Lines to end page (echo=TRUE)" Hint="R send: lines to end page (echo=TRUE)" Shortcut="None" Image="8"/><ROW Index="200" Group="R send" Caption="Cursor to beginning line" Hint="R send: cursor to beggining line" Shortcut="None" Image="10"/><ROW Index="201" Group="R send" Caption="Cursor to end line" Hint="R send: cursor to end line" Shortcut="None" Image="11"/><ROW Index="202" Group="R send" Caption="Editor: current line to top" Hint="Editor: current line to top" Shortcut="None" Image="9"/><ROW Index="203" Group="R send" Caption="Sweave to LaTeX (Rnw)" Hint="R send: Sweave (file)" Shortcut="None" Image="266"/><ROW Index="204" Group="Rterm" Caption="Editor" Hint="Rterm: editor (set focus)" Shortcut="Ctrl+Alt+Up" Image="29"/><ROW Index="205" Group="Rterm" Caption="IO" Hint="Rterm: IO (set focus)" Shortcut="Ctrl+Alt+Down" Image="244"/><ROW Index="206" Group="Rterm" Caption="LOG" Hint="Rterm: LOG (set focus)" Shortcut="Ctrl+Alt+Right" Image="252"/><ROW Index="207" Group="Rterm" Caption="Warning and error" Hint="Rterm: warnings and errors" Shortcut="None" Image="252"/><ROW Index="208" Group="Rterm" Caption="Text" Hint="Rterm: IO (set text syntax)" Shortcut="None" Image="-1"/><ROW Index="209" Group="Rterm" Caption="R" Hint="Rterm: IO (set R syntax)" Shortcut="None" Image="-1"/><ROW Index="210" Group="Rterm" Caption="Text" Hint="Rterm: LOG (set text syntax)" Shortcut="None" Image="-1"/><ROW Index="211" Group="Rterm" Caption="R" Hint="Rterm: LOG (set R syntax)" Shortcut="None" Image="-1"/><ROW Index="212" Group="Rterm" Caption="Save" Hint="Rterm: IO (save)" Shortcut="None" Image="96"/><ROW Index="213" Group="Rterm" Caption="Save as" Hint="Rterm: IO (save as)" Shortcut="None" Image="93"/><ROW Index="214" Group="Rterm" Caption="Save" Hint="Rterm: LOG (save)" Shortcut="None" Image="96"/><ROW Index="215" Group="Rterm" Caption="Save as" Hint="Rterm: LOG (save as)" Shortcut="None" Image="93"/><ROW Index="216" Group="Rterm" Caption="Print" Hint="Rterm: IO (print)" Shortcut="None" Image="153"/><ROW Index="217" Group="Rterm" Caption="Print" Hint="Rterm: LOG (print)" Shortcut="None" Image="153"/><ROW Index="218" Group="Rterm" Caption="IO" Hint="Rterm: IO (clear)" Shortcut="Ctrl+L" Image="20"/><ROW Index="219" Group="Rterm" Caption="LOG" Hint="Rterm: LOG (clear)" Shortcut="Alt+L" Image="20"/><ROW Index="220" Group="Rterm" Caption="IO and LOG" Hint="Rterm: IO and LOG (clear)" Shortcut="Shift+Ctrl+B" Image="275"/><ROW Index="221" Group="Rterm" Caption="Save" Hint="Rterm: save (history)" Shortcut="None" Image="264"/><ROW Index="222" Group="Rterm" Caption="Load" Hint="Rterm: load (history)" Shortcut="None" Image="265"/><ROW Index="223" Group="Rterm" Caption="Prior" Hint="Rterm: prior (history)" Shortcut="Alt+Up" Image="257"/><ROW Index="224" Group="Rterm" Caption="Next" Hint="Rterm: next (history)" Shortcut="Alt+Down" Image="259"/><ROW Index="225" Group="Rterm" Caption="Save" Hint="Rterm: save (workspace)" Shortcut="None" Image="264"/><ROW Index="226" Group="Rterm" Caption="Load" Hint="Rterm: load (workspace)" Shortcut="None" Image="265"/><ROW Index="227" Group="Rterm" Caption="Horizontal split (IO and LOG in the same view)" Hint="Rterm: horizontal split (IO and LOG in the same view)" Shortcut="None" Image="146"/><ROW Index="228" Group="Rterm" Caption="Vertical split (IO and LOG in the same view)" Hint="Rterm: vertical split (IO and LOG in the same view)" Shortcut="None" Image="145"/><ROW Index="229" Group="Rterm" Caption="Remove split (IO and LOG in distinct view)" Hint="Rterm: remove split (IO and LOG in distinct view)" Shortcut="None" Image="-1"/><ROW Index="230" Group="Search" Caption="Find again" Hint="Search: again" Shortcut="F3" Image="-1"/><ROW Index="231" Group="Search" Caption="Search in files" Hint="Search: in files" Shortcut="Shift+Ctrl+F" Image="58"/><ROW Index="232" Group="Search" Caption="Replace" Hint="Search: replace" Shortcut="Ctrl+R" Image="61"/><ROW Index="233" Group="Search" Caption="Go to" Hint="Search: go to line" Shortcut="Ctrl+G" Image="33"/><ROW Index="234" Group="Search" Caption="All levels" Hint="Search: expand all levels" Shortcut="None" Image="-1"/><ROW Index="235" Group="Search" Caption="One level" Hint="Search: expand one level" Shortcut="None" Image="-1"/><ROW Index="236" Group="Search" Caption="All levels" Hint="Search: collapse all levels" Shortcut="None" Image="-1"/><ROW Index="237" Group="Search" Caption="One level" Hint="Search: collapse one level" Shortcut="None" Image="-1"/><ROW Index="238" Group="Format" Caption="Format R (file or selection)" Hint="Format R (file or selection)" Shortcut="Ctrl+F5" Image="279"/><ROW Index="239" Group="Tools" Caption="Latex" Hint="Tools: convert Txt2tags to Latex" Shortcut="Shift+Ctrl+T" Image="-1"/><ROW Index="240" Group="Tools" Caption="Sweave" Hint="Tools: convert Txt2tags to Sweave" Shortcut="Shift+Ctrl+S" Image="-1"/><ROW Index="241" Group="Tools" Caption="Text" Hint="Tools: convert Txt2tags to Txt" Shortcut="None" Image="-1"/><ROW Index="242" Group="Tools" Caption="HTML" Hint="Tools: convert Txt2tags to HTML" Shortcut="Shift+Ctrl+H" Image="-1"/><ROW Index="243" Group="Tools" Caption="XHTML" Hint="Tools: convert Txt2tags to XHTML" Shortcut="None" Image="-1"/><ROW Index="244" Group="Tools" Caption="Sgml" Hint="Tools: convert Txt2tags to SGML" Shortcut="None" Image="-1"/><ROW Index="245" Group="Tools" Caption="Lout" Hint="Tools: convert Txt2tags to Lout" Shortcut="None" Image="-1"/><ROW Index="246" Group="Tools" Caption="Man page" Hint="Tools: convert Txt2tags to Man" Shortcut="None" Image="-1"/><ROW Index="247" Group="Tools" Caption="Magic point" Hint="Tools: convert Txt2tags to Mgp" Shortcut="None" Image="-1"/><ROW Index="248" Group="Tools" Caption="Wikipedia" Hint="Tools: convert Txt2tags to Wiki" Shortcut="None" Image="-1"/><ROW Index="249" Group="Tools" Caption="Google code wiki" Hint="Tools: convert Txt2tags to Gwiki" Shortcut="None" Image="-1"/><ROW Index="250" Group="Tools" Caption="Doku wiki" Hint="Tools: convert Txt2tags to Doku" Shortcut="None" Image="-1"/><ROW Index="251" Group="Tools" Caption="Moinmoin" Hint="Tools: convert Txt2tags to Moin" Shortcut="None" Image="-1"/><ROW Index="252" Group="Tools" Caption="Page maker" Hint="Tools: convert Txt2tags to Pm6" Shortcut="None" Image="-1"/><ROW Index="253" Group="Tools" Caption="LaTeX" Hint="Tools: convert Deplate to Latex" Shortcut="Shift+Ctrl+Alt+T" Image="-1"/><ROW Index="254" Group="Tools" Caption="LaTeX-dramatist" Hint="Tools: convert Deplate to Latex-dramastic" Shortcut="None" Image="-1"/><ROW Index="255" Group="Tools" Caption="Sweave" Hint="Tools: convert Deplate to Sweave" Shortcut="Shift+Ctrl+Alt+S" Image="-1"/><ROW Index="256" Group="Tools" Caption="Plain" Hint="Tools: convert Deplate to Plain" Shortcut="None" Image="-1"/><ROW Index="257" Group="Tools" Caption="HTML" Hint="Tools: convert Deplate to HTML" Shortcut="Shift+Ctrl+Alt+H" Image="-1"/><ROW Index="258" Group="Tools" Caption="HTML site" Hint="Tools: convert Deplate to HTML site" Shortcut="None" Image="-1"/><ROW Index="259" Group="Tools" Caption="HTML slides" Hint="Tools: convert Deplate HTML slides" Shortcut="None" Image="-1"/><ROW Index="260" Group="Tools" Caption="XHTML 1.0-transitional (XHTML10t)" Hint="Tools: convert Deplate to Xhtml 1.0-transitional (XHTML10t)" Shortcut="None" Image="-1"/><ROW Index="261" Group="Tools" Caption="XHTML 1.1 with MathML (XHTML11m)" Hint="Tools: convert Deplate to XHTML 1.1 with MathML (XHTML11m)" Shortcut="None" Image="-1"/><ROW Index="262" Group="Tools" Caption="Php" Hint="Tools: convert Deplate to Php" Shortcut="None" Image="-1"/><ROW Index="263" Group="Tools" Caption="DBK-article" Hint="Tools: convert Deplate to DBK-article" Shortcut="None" Image="-1"/><ROW Index="264" Group="Tools" Caption="DBK-book" Hint="Tools: convert Deplate to DBK-book" Shortcut="None" Image="-1"/><ROW Index="265" Group="Tools" Caption="DBK-ref" Hint="Tools: convert Deplate to DBK-ref" Shortcut="None" Image="-1"/><ROW Index="266" Group="Tools" Caption="DVI (single)" Hint="Tools: compile LaTeX to DVI (single)" Shortcut="Ctrl+Alt+D" Image="-1"/><ROW Index="267" Group="Tools" Caption="DVI (bibtex)" Hint="Tools: compile LaTeX to DVI (bibtex)" Shortcut="Shift+Ctrl+Alt+D" Image="-1"/><ROW Index="268" Group="Tools" Caption="PDF (single)" Hint="Tools: compile LaTeX to PDF (single)" Shortcut="Ctrl+Alt+P" Image="-1"/><ROW Index="269" Group="Tools" Caption="PDF (bibtex)" Hint="Tools: compile LaTeX to PDF (bibtex)" Shortcut="Shift+Ctrl+Alt+P" Image="-1"/><ROW Index="270" Group="Tools" Caption="Make index (makeindex)" Hint="Tools: make index (LaTeX)" Shortcut="Ctrl+Alt+I" Image="-1"/><ROW Index="271" Group="Tools" Caption="Open file" Hint="Tools: DVI (open file)" Shortcut="None" Image="-1"/><ROW Index="272" Group="Tools" Caption="Open file" Hint="Tools: PDF (open file)" Shortcut="None" Image="-1"/><ROW Index="273" Group="Tools" Caption="Open current file" Hint="Tools: HTML (open current)" Shortcut="Shift+Ctrl+O" Image="-1"/><ROW Index="274" Group="Tools" Caption="Open file" Hint="Tools: HTML (open file)" Shortcut="None" Image="-1"/><ROW Index="275" Group="Tools" Caption="Close DVI viewer before Latex compilation" Hint="Tools: close DVI viewer before Latex compilation" Shortcut="None" Image="-1"/><ROW Index="276" Group="Tools" Caption="Close PDF viewer before Latex compilation" Hint="Tools: close PDF viewer before Latex compilation" Shortcut="None" Image="-1"/><ROW Index="277" Group="Tools" Caption="Tinn-R ini (full)" Hint="Tools: backup Tinn-R ini (full)" Shortcut="None" Image="122"/><ROW Index="278" Group="Tools" Caption="Database" Hint="Tools: backup database" Shortcut="None" Image="126"/><ROW Index="279" Group="Tools" Caption="Tinn-R ini (full)" Hint="Tools: restore Tinn-R ini (full)" Shortcut="None" Image="124"/><ROW Index="280" Group="Tools" Caption="Database" Hint="Tools: restore database" Shortcut="None" Image="125"/><ROW Index="281" Group="Tools" Caption="Record" Hint="Tools: macro record" Shortcut="F7" Image="89"/><ROW Index="282" Group="Tools" Caption="Play" Hint="Tools: macro play" Shortcut="F8" Image="92"/><ROW Index="283" Group="Tools" Caption="ASCII chart" Hint="Tools: ASCII chart" Shortcut="None" Image="216"/><ROW Index="284" Group="Tools" Caption="Differences" Hint="Tools: differences" Shortcut="None" Image="51"/><ROW Index="285" Group="Tools" Caption="Spell" Hint="Tools: spell" Shortcut="None" Image="183"/><ROW Index="286" Group="Tools" Caption="Strings" Hint="Tools: sort strings" Shortcut="None" Image="200"/><ROW Index="287" Group="Tools" Caption="Numbers" Hint="Tools: sort numbers" Shortcut="None" Image="204"/><ROW Index="288" Group="Tools" Caption="Dates" Hint="Tools: sort dates" Shortcut="None" Image="206"/><ROW Index="289" Group="Tools" Caption="Count" Hint="Tools: count" Shortcut="None" Image="-1"/><ROW Index="290" Group="Tools" Caption="Match bracket" Hint="Tools: match bracket" Shortcut="Ctrl+B" Image="-1"/><ROW Index="291" Group="Tools" Caption="Reload Latex symbols (from ini)" Hint="Latex: reload symbols (from ini)" Shortcut="None" Image="86"/><ROW Index="292" Group="Visualization" Caption="Project (show/hide)" Hint="Visualization: tools project (show/hide)" Shortcut="None" Image="-1"/><ROW Index="293" Group="Visualization" Caption="Markup (show/hide)" Hint="Visualization: tools markup (show/hide)" Shortcut="None" Image="-1"/><ROW Index="294" Group="Visualization" Caption="Txt2tags (show/hide)" Hint="Visualization: tools txt2tags (show/hide)" Shortcut="None" Image="-1"/><ROW Index="295" Group="Visualization" Caption="LaTeX (show/hide)" Hint="Visualization: tools LaTeX (show/hide)" Shortcut="None" Image="-1"/><ROW Index="296" Group="Visualization" Caption="Results (show/hide)" Hint="Visualization: tools results (show/hide)" Shortcut="None" Image="-1"/><ROW Index="297" Group="Visualization" Caption="Ini log (show/hide)" Hint="Visualization: tools ini log (show/hide)" Shortcut="None" Image="-1"/><ROW Index="298" Group="Visualization" Caption="Search (show/hide)" Hint="Visualization: tools search (show/hide)" Shortcut="None" Image="-1"/><ROW Index="299" Group="Visualization" Caption="Hew viewer (show/hide)" Hint="Visualization: tools hex viewer (show/hide)" Shortcut="None" Image="-1"/><ROW Index="300" Group="Visualization" Caption="Spell (show/hide)" Hint="Visualization: tools spell (show/hide)" Shortcut="None" Image="-1"/><ROW Index="301" Group="Visualization" Caption="Database (show/hide)" Hint="Visualization: database (show/hide)" Shortcut="None" Image="-1"/><ROW Index="302" Group="Visualization" Caption="Shortcuts (show/hide)" Hint="Visualization: tools shortcuts (show/hide)" Shortcut="None" Image="-1"/><ROW Index="303" Group="Visualization" Caption="Completion (show/hide)" Hint="Visualization: tools completion (show/hide)" Shortcut="None" Image="-1"/><ROW Index="304" Group="Visualization" Caption="Comments (show/hide)" Hint="Visualization: tools comments (show/hide)" Shortcut="None" Image="-1"/><ROW Index="305" Group="Visualization" Caption="R (show/hide)" Hint="Visualization: R (show/hide)" Shortcut="None" Image="-1"/><ROW Index="306" Group="Visualization" Caption="Explorer (show/hide)" Hint="Visualization: tools R explorer (show/hide)" Shortcut="None" Image="-1"/><ROW Index="307" Group="Visualization" Caption="R card (show/hide)" Hint="Visualization: tools R card (show/hide)" Shortcut="None" Image="-1"/><ROW Index="308" Group="Visualization" Caption="R mirrors (show/hide)" Hint="Visualization: tools R mirrors (show/hide)" Shortcut="None" Image="-1"/><ROW Index="309" Group="Visualization" Caption="Rterm (show/hide)" Hint="Visualization: Rterm (show/hide)" Shortcut="Ctrl+F9" Image="148"/><ROW Index="310" Group="Visualization" Caption="Rterm (auto hide on/off)" Hint="Visualization: auto hide (Rterm)" Shortcut="Alt+F9" Image="182"/><ROW Index="311" Group="Visualization" Caption="Rterm (maximize)" Hint="Visualization: maximize (Rterm)" Shortcut="Ctrl+F12" Image="248"/><ROW Index="312" Group="Visualization" Caption="Rterm (divide)" Hint="Visualization: divide (Rterm)" Shortcut="Ctrl+F11" Image="247"/><ROW Index="313" Group="Visualization" Caption="Rterm (minimize)" Hint="Visualization: minimize (Rterm)" Shortcut="Ctrl+F10" Image="246"/><ROW Index="314" Group="Visualization" Caption="Tools (show/hide)" Hint="Visualization: tools (show/hide)" Shortcut="Ctrl+F8" Image="149"/><ROW Index="315" Group="Visualization" Caption="Tools (auto hide on/off)" Hint="Visualization: auto hide (Tools)" Shortcut="Alt+F8" Image="181"/><ROW Index="316" Group="Visualization" Caption="Tools (maximize)" Hint="Visualization: maximize (tools)" Shortcut="None" Image="248"/><ROW Index="317" Group="Visualization" Caption="Tools (divide)" Hint="Visualization: divide (tools)" Shortcut="None" Image="247"/><ROW Index="318" Group="Visualization" Caption="Tools (minimize)" Hint="Visualization: minimize (tools)" Shortcut="None" Image="246"/><ROW Index="319" Group="Visualization" Caption="Increase" Hint="Visualization: font (+)" Shortcut="Shift+Ctrl+Up" Image="261"/><ROW Index="320" Group="Visualization" Caption="Decrease" Hint="Visualization: font (-)" Shortcut="Shift+Ctrl+Down" Image="262"/><ROW Index="321" Group="Visualization" Caption="Top" Hint="Visualization: top (files)" Shortcut="None" Image="-1"/><ROW Index="322" Group="Visualization" Caption="Bottom" Hint="Visualization: bottom (files)" Shortcut="None" Image="-1"/><ROW Index="323" Group="Visualization" Caption="Left" Hint="Visualization: left tabs (tools)" Shortcut="None" Image="-1"/><ROW Index="324" Group="Visualization" Caption="Top" Hint="Visualization: top tabs (tools)" Shortcut="None" Image="-1"/><ROW Index="325" Group="Visualization" Caption="Right" Hint="Visualization: right tabs (tools)" Shortcut="None" Image="-1"/><ROW Index="326" Group="Visualization" Caption="Bottom" Hint="Visualization: bottom tabs (tools)" Shortcut="None" Image="-1"/><ROW Index="327" Group="Visualization" Caption="Left" Hint="Visualization: left tabs (Rterm)" Shortcut="None" Image="-1"/><ROW Index="328" Group="Visualization" Caption="Top" Hint="Visualization: top tabs (Rterm)" Shortcut="None" Image="-1"/><ROW Index="329" Group="Visualization" Caption="Right" Hint="Visualization: right tabs (Rterm)" Shortcut="None" Image="-1"/><ROW Index="330" Group="Visualization" Caption="Bottom" Hint="Visualization: bottom tabs (Rterm)" Shortcut="None" Image="-1"/><ROW Index="331" Group="Visualization" Caption="All bars (show/hide)" Hint="Visualization: all bars (show/hide)" Shortcut="Ctrl+Alt+V" Image="-1"/><ROW Index="332" Group="Visualization" Caption="File (show/hide)" Hint="Visualization: file bar (show/hide)" Shortcut="None" Image="-1"/><ROW Index="333" Group="Visualization" Caption="Edit (show/hide)" Hint="Visualization: edit bar (show/hide)" Shortcut="None" Image="-1"/><ROW Index="334" Group="Visualization" Caption="Filter (show/hide)" Hint="Visualization: filter bar (show/hide)" Shortcut="None" Image="-1"/><ROW Index="335" Group="Visualization" Caption="Macro (show/hide)" Hint="Visualization: macro bar (show/hide)" Shortcut="None" Image="-1"/><ROW Index="336" Group="Visualization" Caption="Misc (show/hide)" Hint="Visualization: misc bar (show/hide)" Shortcut="None" Image="-1"/><ROW Index="337" Group="Visualization" Caption="Processing (show/hide)" Hint="Visualization: processing bar (show/hide)" Shortcut="None" Image="-1"/><ROW Index="338" Group="Visualization" Caption="Format (show/hide)" Hint="Visualization: format bar (show/hide)" Shortcut="None" Image="-1"/><ROW Index="339" Group="Visualization" Caption="R (show/hide)" Hint="Visualization: R bar (show/hide)" Shortcut="None" Image="-1"/><ROW Index="340" Group="Visualization" Caption="Search (show/hide)" Hint="Visualization: search bar (show/hide)" Shortcut="None" Image="-1"/><ROW Index="341" Group="Visualization" Caption="Syntax (show/hide)" Hint="Visualization: syntax bar (show/hide)" Shortcut="None" Image="-1"/><ROW Index="342" Group="Visualization" Caption="Spell (show/hide)" Hint="Visualization: spell bar (show/hide)" Shortcut="None" Image="-1"/><ROW Index="343" Group="Visualization" Caption="View (show/hide)" Hint="Visualization: tools bar (show/hide)" Shortcut="None" Image="-1"/><ROW Index="344" Group="Visualization" Caption="Editor (show/hide)" Hint="Visualization: editor line wrap (show/hide)" Shortcut="Alt+W" Image="101"/><ROW Index="345" Group="Visualization" Caption="IO (show/hide)" Hint="Visualization: Rterm/IO line wrap (show/hide)" Shortcut="None" Image="101"/><ROW Index="346" Group="Visualization" Caption="LOG (show/hide)" Hint="Visualization: Rterm/LOG line wrap (show/hide)" Shortcut="None" Image="101"/><ROW Index="347" Group="Visualization" Caption="Tabs (show/hide)" Hint="Visualization: files view tabs (show/hide)" Shortcut="None" Image="-1"/><ROW Index="348" Group="Visualization" Caption="Status bar (show/hide)" Hint="Visualization: status bar (show/hide)" Shortcut="None" Image="-1"/><ROW Index="349" Group="Visualization" Caption="Gutter (show/hide)" Hint="Visualization: Gutter (show/hide)" Shortcut="Ctrl+Alt+G" Image="285"/><ROW Index="350" Group="Visualization" Caption="Line numbers (show/hide)" Hint="Visualization: line numbers (show/hide)" Shortcut="Ctrl+Alt+L" Image="100"/><ROW Index="351" Group="Visualization" Caption="Special characters (show/hide)" Hint="Visualization: special characters (show/hide)" Shortcut="Ctrl+Alt+K" Image="98"/><ROW Index="352" Group="Visualization" Caption="Horizontal" Hint="Visualization: split horizontal" Shortcut="None" Image="146"/><ROW Index="353" Group="Visualization" Caption="Vertical" Hint="Visualization: split vertical" Shortcut="None" Image="145"/><ROW Index="354" Group="Visualization" Caption="Remove" Hint="Visualization: split remove" Shortcut="None" Image="-1"/><ROW Index="355" Group="Visualization" Caption="Organize screen  (Tinn-R/Rgui)" Hint="Visualization: organize screen (Tinn-R/Rgui)" Shortcut="None" Image="201"/><ROW Index="356" Group="Window" Caption="Tile vertically" Hint="Window: tile vertically" Shortcut="None" Image="143"/><ROW Index="357" Group="Window" Caption="Tile horizontally" Hint="Window: tile horizontally" Shortcut="None" Image="142"/><ROW Index="358" Group="Window" Caption="Minimize all" Hint="Window: minimize all" Shortcut="None" Image="151"/><ROW Index="359" Group="Window" Caption="Cascade" Hint="Window: cascade" Shortcut="None" Image="144"/><ROW Index="360" Group="Window" Caption="Arrange icons" Hint="Window: arrange icons" Shortcut="None" Image="150"/><ROW Index="361" Group="Search" Caption="Find" Hint="Search: text" Shortcut="Ctrl+F" Image="57"/><ROW Index="362" Group="R send" Caption="Knit to LaTeX (Rnw)" Hint="R send: Knit (file) to LaTeX" Shortcut="Ctrl+K" Image="277"/><ROW Index="363" Group="Encoding" Caption="ANSI" Hint="Set encoding ANSI" Shortcut="None" Image="-1"/><ROW Index="364" Group="Encoding" Caption="UTF-8" Hint="Set encoding UTF8" Shortcut="None" Image="-1"/><ROW Index="365" Group="Encoding" Caption="UTF16-LE" Hint="Set encoding UTF16-LE" Shortcut="None" Image="-1"/><ROW Index="366" Group="Encoding" Caption="UTF16-BE" Hint="Set encoding UTF16-BE" Shortcut="None" Image="-1"/><ROW Index="367" Group="dtb Comments" Caption="Help" Hint="Comments: help" Shortcut="None" Image="25"/><ROW Index="368" Group="dtb Comments" Caption="Edit" Hint="Comments: edit" Shortcut="None" Image="18"/><ROW Index="369" Group="dtb Mirrors (R)" Caption="Help" Hint="Mirrors (R): help" Shortcut="None" Image="25"/><ROW Index="370" Group="dtb Mirrors (R)" Caption="Update mirrors" Hint="Mirrors (R): update" Shortcut="None" Image="162"/><ROW Index="371" Group="dtb Mirrors (R)" Caption="Current" Hint="Mirrors (R): open URL current" Shortcut="None" Image="-1"/><ROW Index="372" Group="dtb Mirrors (R)" Caption="Default" Hint="Mirrors (R): open URL default" Shortcut="None" Image="291"/><ROW Index="373" Group="dtb Mirrors (R)" Caption="URL" Hint="Mirrors (R): copy URL" Shortcut="None" Image="-1"/><ROW Index="374" Group="dtb Mirrors (R)" Caption="Host" Hint="Mirrors (R): copy host" Shortcut="None" Image="-1"/><ROW Index="375" Group="dtb Mirrors (R)" Caption="Edit" Hint="Mirrors (R): edit" Shortcut="None" Image="18"/><ROW Index="376" Group="dtb Mirrors (R)" Caption="Set repos" Hint="Mirrors (R): set as default repository" Shortcut="None" Image="267"/><ROW Index="377" Group="R send" Caption="Knit to HTML (Rmd, Rhtml)" Hint="R send: Knit (file) to HTML" Shortcut="Shift+Ctrl+K" Image="277"/><ROW Index="378" Group="Options" Caption="Auto completion ( [ { &apos; &quot;" Hint="Options: auto completion ( [ { &apos; &quot;" Shortcut="Ctrl+Alt+C" Image="-1"/><ROW Index="379" Group="Options" Caption="Enable notification" Hint="Options: notification file status/changes (made by external)" Shortcut="Ctrl+Alt+N" Image="188"/><ROW Index="380" Group="Options" Caption="Update silently" Hint="Options: update silently satus/changes (made by external)" Shortcut="Ctrl+Alt+U" Image="-1"/></ROWDATA></DATAPACKET>